symbol,weight,date,ttf_id,optimized_at
TTC,0.123879944,9/30/22,225,53:25.5
PCAR,0.114324005,9/30/22,225,53:25.5
LNN,0.112563641,9/30/22,225,53:25.5
OSK,0.105795524,9/30/22,225,53:25.5
ALSN,0.105363011,9/30/22,225,53:25.5
CAT,0.093939045,9/30/22,225,53:25.5
DE,0.089659938,9/30/22,225,53:25.5
TEX,0.088795557,9/30/22,225,53:25.5
CNHI,0.084808789,9/30/22,225,53:25.5
AGCO,0.080870547,9/30/22,225,53:25.5
TXN,0.136132792,9/30/22,154,53:30.0
INTC,0.12089193,9/30/22,154,53:30.0
TSM,0.109727383,9/30/22,154,53:30.0
ADI,0.082401756,9/30/22,154,53:30.0
AVGO,0.081556069,9/30/22,154,53:30.0
ASX,0.063045796,9/30/22,154,53:30.0
UMC,0.05806818,9/30/22,154,53:30.0
SWKS,0.052969546,9/30/22,154,53:30.0
QRVO,0.043787515,9/30/22,154,53:30.0
QCOM,0.042562186,9/30/22,154,53:30.0
NXPI,0.042478868,9/30/22,154,53:30.0
MU,0.038576932,9/30/22,154,53:30.0
MCHP,0.034971797,9/30/22,154,53:30.0
STM,0.032829251,9/30/22,154,53:30.0
AMD,0.01,9/30/22,154,53:30.0
ON,0.01,9/30/22,154,53:30.0
NVDA,0.01,9/30/22,154,53:30.0
MRVL,0.01,9/30/22,154,53:30.0
MPWR,0.01,9/30/22,154,53:30.0
WOLF,0.01,9/30/22,154,53:30.0
ADM,0.100332241,9/30/22,91,53:34.6
SMPL,0.098195861,9/30/22,91,53:34.6
LW,0.095458752,9/30/22,91,53:34.6
NOMD,0.082058516,9/30/22,91,53:34.6
HAIN,0.079081978,9/30/22,91,53:34.6
BRFS,0.077684595,9/30/22,91,53:34.6
FRPT,0.073961207,9/30/22,91,53:34.6
POST,0.065707624,9/30/22,91,53:34.6
MDLZ,0.065482245,9/30/22,91,53:34.6
TWNK,0.054854036,9/30/22,91,53:34.6
TSN,0.047525929,9/30/22,91,53:34.6
UL,0.039332344,9/30/22,91,53:34.6
LANC,0.010324671,9/30/22,91,53:34.6
HRL,0.01,9/30/22,91,53:34.6
SJM,0.01,9/30/22,91,53:34.6
KHC,0.01,9/30/22,91,53:34.6
K,0.01,9/30/22,91,53:34.6
JJSF,0.01,9/30/22,91,53:34.6
HSY,0.01,9/30/22,91,53:34.6
MKC,0.01,9/30/22,91,53:34.6
GIS,0.01,9/30/22,91,53:34.6
FLO,0.01,9/30/22,91,53:34.6
CPB,0.01,9/30/22,91,53:34.6
CAG,0.01,9/30/22,91,53:34.6
FMC,0.3,9/30/22,125,53:37.7
SQM,0.232281839,9/30/22,125,53:37.7
ALB,0.212244253,9/30/22,125,53:37.7
LTHM,0.130285431,9/30/22,125,53:37.7
LAC,0.125188476,9/30/22,125,53:37.7
VMC,0.068030098,9/30/22,48,53:41.9
MLM,0.065076054,9/30/22,48,53:41.9
AAON,0.061812228,9/30/22,48,53:41.9
CSL,0.05227555,9/30/22,48,53:41.9
AWI,0.051655583,9/30/22,48,53:41.9
EXP,0.049443859,9/30/22,48,53:41.9
NX,0.047664351,9/30/22,48,53:41.9
MAS,0.04250767,9/30/22,48,53:41.9
SUM,0.041907245,9/30/22,48,53:41.9
APOG,0.041143787,9/30/22,48,53:41.9
CARR,0.040606058,9/30/22,48,53:41.9
PGTI,0.039878353,9/30/22,48,53:41.9
SSD,0.039859679,9/30/22,48,53:41.9
BECN,0.039830521,9/30/22,48,53:41.9
IBP,0.037828189,9/30/22,48,53:41.9
BLD,0.033233924,9/30/22,48,53:41.9
LPX,0.027174219,9/30/22,48,53:41.9
ROCK,0.025439145,9/30/22,48,53:41.9
OC,0.023579378,9/30/22,48,53:41.9
DOOR,0.023506302,9/30/22,48,53:41.9
TGLS,0.023429554,9/30/22,48,53:41.9
GMS,0.021584591,9/30/22,48,53:41.9
JELD,0.017261654,9/30/22,48,53:41.9
WMS,0.017174566,9/30/22,48,53:41.9
ASPN,0.013980888,9/30/22,48,53:41.9
BLDR,0.012996264,9/30/22,48,53:41.9
SWIM,0.011120289,9/30/22,48,53:41.9
BXC,0.01,9/30/22,48,53:41.9
AZEK,0.01,9/30/22,48,53:41.9
TREX,0.01,9/30/22,48,53:41.9
IBM,0.213933107,9/30/22,45,53:45.0
LUMN,0.138108206,9/30/22,45,53:45.0
ORCL,0.135384419,9/30/22,45,53:45.0
VMW,0.115906044,9/30/22,45,53:45.0
GOOGL,0.113490556,9/30/22,45,53:45.0
MSFT,0.109377226,9/30/22,45,53:45.0
AMZN,0.094337992,9/30/22,45,53:45.0
BABA,0.07946245,9/30/22,45,53:45.0
LOPE,0.3,9/30/22,74,53:47.8
LRN,0.255241792,9/30/22,74,53:47.8
COUR,0.160317311,9/30/22,74,53:47.8
CHGG,0.143867074,9/30/22,74,53:47.8
UDMY,0.140573823,9/30/22,74,53:47.8
IBM,0.3,9/30/22,17,53:50.5
GOOGL,0.103472075,9/30/22,17,53:50.5
INTC,0.099188626,9/30/22,17,53:50.5
MSFT,0.09815822,9/30/22,17,53:50.5
TSM,0.097066572,9/30/22,17,53:50.5
AMZN,0.077146959,9/30/22,17,53:50.5
QCOM,0.064450959,9/30/22,17,53:50.5
BABA,0.062482825,9/30/22,17,53:50.5
BIDU,0.060400503,9/30/22,17,53:50.5
NVDA,0.037633262,9/30/22,17,53:50.5
RGR,0.142265957,9/30/22,262,53:54.3
HON,0.077772207,9/30/22,262,53:54.3
HEI-A,0.076416734,9/30/22,262,53:54.3
HEI,0.075582637,9/30/22,262,53:54.3
AIR,0.074120738,9/30/22,262,53:54.3
BA,0.073548426,9/30/22,262,53:54.3
AXON,0.070176592,9/30/22,262,53:54.3
RTX,0.060841092,9/30/22,262,53:54.3
GD,0.052923137,9/30/22,262,53:54.3
KTOS,0.051605846,9/30/22,262,53:54.3
MRCY,0.051253004,9/30/22,262,53:54.3
RADA,0.050625239,9/30/22,262,53:54.3
AVAV,0.048701191,9/30/22,262,53:54.3
AJRD,0.033427085,9/30/22,262,53:54.3
HII,0.029029885,9/30/22,262,53:54.3
LHX,0.011710229,9/30/22,262,53:54.3
LMT,0.01,9/30/22,262,53:54.3
NOC,0.01,9/30/22,262,53:54.3
RUSHA,0.160978223,9/30/22,247,53:57.6
CPRT,0.111098551,9/30/22,247,53:57.6
IAA,0.094040385,9/30/22,247,53:57.6
CARS,0.084020002,9/30/22,247,53:57.6
AN,0.07775633,9/30/22,247,53:57.6
LAD,0.075386464,9/30/22,247,53:57.6
PAG,0.072641894,9/30/22,247,53:57.6
GPI,0.071805388,9/30/22,247,53:57.6
ABG,0.065473672,9/30/22,247,53:57.6
SAH,0.0640479,9/30/22,247,53:57.6
CWH,0.063978196,9/30/22,247,53:57.6
KMX,0.058772996,9/30/22,247,53:57.6
CHH,0.112713149,9/30/22,115,54:01.8
IHG,0.081923334,9/30/22,115,54:01.8
MCRI,0.079779484,9/30/22,115,54:01.8
MAR,0.072914825,9/30/22,115,54:01.8
WH,0.070885592,9/30/22,115,54:01.8
PLYA,0.068201451,9/30/22,115,54:01.8
HLT,0.066891424,9/30/22,115,54:01.8
VAC,0.060232871,9/30/22,115,54:01.8
H,0.056989367,9/30/22,115,54:01.8
HGV,0.049742509,9/30/22,115,54:01.8
RRR,0.049460001,9/30/22,115,54:01.8
LVS,0.047581769,9/30/22,115,54:01.8
TNL,0.047312107,9/30/22,115,54:01.8
HTHT,0.036719029,9/30/22,115,54:01.8
WYNN,0.034204994,9/30/22,115,54:01.8
MGM,0.031287465,9/30/22,115,54:01.8
MLCO,0.023160627,9/30/22,115,54:01.8
CZR,0.01,9/30/22,115,54:01.8
MCD,0.104244897,9/30/22,86,54:05.7
YUM,0.074714644,9/30/22,86,54:05.7
QSR,0.074618093,9/30/22,86,54:05.7
DPZ,0.068031826,9/30/22,86,54:05.7
ARCO,0.061164943,9/30/22,86,54:05.7
WEN,0.056733407,9/30/22,86,54:05.7
PZZA,0.050532462,9/30/22,86,54:05.7
JACK,0.050247611,9/30/22,86,54:05.7
SBUX,0.047948626,9/30/22,86,54:05.7
YUMC,0.047231259,9/30/22,86,54:05.7
DENN,0.041327772,9/30/22,86,54:05.7
CBRL,0.041322774,9/30/22,86,54:05.7
CMG,0.040422433,9/30/22,86,54:05.7
TXRH,0.036529772,9/30/22,86,54:05.7
DIN,0.033208697,9/30/22,86,54:05.7
CAKE,0.030957252,9/30/22,86,54:05.7
BLMN,0.030025867,9/30/22,86,54:05.7
PLAY,0.028463857,9/30/22,86,54:05.7
WING,0.028435988,9/30/22,86,54:05.7
SHAK,0.027256508,9/30/22,86,54:05.7
EAT,0.026581311,9/30/22,86,54:05.7
KGC,0.141970386,9/30/22,65,54:09.1
NG,0.138413345,9/30/22,65,54:09.1
SSRM,0.126345704,9/30/22,65,54:09.1
GOLD,0.122944072,9/30/22,65,54:09.1
NEM,0.121635938,9/30/22,65,54:09.1
HL,0.11734844,9/30/22,65,54:09.1
AUY,0.116926669,9/30/22,65,54:09.1
CDE,0.114415445,9/30/22,65,54:09.1
SCCO,0.366874249,9/30/22,250,54:11.9
BHP,0.362019975,9/30/22,250,54:11.9
FCX,0.271105776,9/30/22,250,54:11.9
FISV,0.3,9/30/22,90,54:15.2
WDAY,0.199470147,9/30/22,90,54:15.2
INTU,0.132899965,9/30/22,90,54:15.2
PYPL,0.094349552,9/30/22,90,54:15.2
HOOD,0.067031358,9/30/22,90,54:15.2
SOFI,0.054631296,9/30/22,90,54:15.2
NU,0.04958361,9/30/22,90,54:15.2
NVEI,0.039459359,9/30/22,90,54:15.2
BILL,0.019444372,9/30/22,90,54:15.2
UPST,0.013087215,9/30/22,90,54:15.2
AFRM,0.010043125,9/30/22,90,54:15.2
COIN,0.01,9/30/22,90,54:15.2
SQ,0.01,9/30/22,90,54:15.2
CHKP,0.124723301,9/30/22,116,54:18.8
NLOK,0.124331436,9/30/22,116,54:18.8
NTCT,0.119141065,9/30/22,116,54:18.8
CSCO,0.11425125,9/30/22,116,54:18.8
RDWR,0.074294895,9/30/22,116,54:18.8
FFIV,0.064228464,9/30/22,116,54:18.8
ATEN,0.049495132,9/30/22,116,54:18.8
QLYS,0.04200754,9/30/22,116,54:18.8
PANW,0.039710946,9/30/22,116,54:18.8
RPD,0.035386907,9/30/22,116,54:18.8
TENB,0.034802316,9/30/22,116,54:18.8
CYBR,0.029948153,9/30/22,116,54:18.8
FTNT,0.029841502,9/30/22,116,54:18.8
VRNS,0.02613075,9/30/22,116,54:18.8
CRWD,0.02217021,9/30/22,116,54:18.8
OKTA,0.021216423,9/30/22,116,54:18.8
ZS,0.018689949,9/30/22,116,54:18.8
S,0.016805493,9/30/22,116,54:18.8
NET,0.012824268,9/30/22,116,54:18.8
VICI,0.071462376,9/30/22,145,54:22.4
ALEX,0.071320121,9/30/22,145,54:22.4
BRSP,0.068482362,9/30/22,145,54:22.4
ESRT,0.064499735,9/30/22,145,54:22.4
UE,0.062733035,9/30/22,145,54:22.4
AHH,0.061682374,9/30/22,145,54:22.4
STOR,0.061329407,9/30/22,145,54:22.4
SRC,0.061017551,9/30/22,145,54:22.4
EPRT,0.060660428,9/30/22,145,54:22.4
STAR,0.059509339,9/30/22,145,54:22.4
GOOD,0.059444493,9/30/22,145,54:22.4
SAFE,0.059142891,9/30/22,145,54:22.4
DBRG,0.057132698,9/30/22,145,54:22.4
BNL,0.054303859,9/30/22,145,54:22.4
AAT,0.052978168,9/30/22,145,54:22.4
GNL,0.045590325,9/30/22,145,54:22.4
WPC,0.02871084,9/30/22,145,54:22.4
ARE,0.077315339,9/30/22,264,54:26.6
CIO,0.063670196,9/30/22,264,54:26.6
PGRE,0.059370572,9/30/22,264,54:26.6
BXP,0.05707653,9/30/22,264,54:26.6
DEI,0.056849411,9/30/22,264,54:26.6
JBGS,0.056795271,9/30/22,264,54:26.6
BDN,0.056701412,9/30/22,264,54:26.6
KRC,0.055022015,9/30/22,264,54:26.6
VNO,0.054764071,9/30/22,264,54:26.6
CUZ,0.053963874,9/30/22,264,54:26.6
SLG,0.053320615,9/30/22,264,54:26.6
HPP,0.052907972,9/30/22,264,54:26.6
HIW,0.049501364,9/30/22,264,54:26.6
OPI,0.049096563,9/30/22,264,54:26.6
ONL,0.048314058,9/30/22,264,54:26.6
PDM,0.047925054,9/30/22,264,54:26.6
FSP,0.038128114,9/30/22,264,54:26.6
OFC,0.026764304,9/30/22,264,54:26.6
WRE,0.022513264,9/30/22,264,54:26.6
EQC,0.01,9/30/22,264,54:26.6
DEA,0.01,9/30/22,264,54:26.6
SONY,0.3,9/30/22,272,54:29.4
MSFT,0.249130537,9/30/22,272,54:29.4
QCOM,0.141500266,9/30/22,272,54:29.4
BABA,0.09408946,9/30/22,272,54:29.4
BIDU,0.093599161,9/30/22,272,54:29.4
NVDA,0.049381496,9/30/22,272,54:29.4
SNAP,0.044179924,9/30/22,272,54:29.4
U,0.028119156,9/30/22,272,54:29.4
WAB,0.136468857,9/30/22,274,54:32.5
CNI,0.131624999,9/30/22,274,54:32.5
CSX,0.126553164,9/30/22,274,54:32.5
TRN,0.126428988,9/30/22,274,54:32.5
CP,0.125773268,9/30/22,274,54:32.5
NSC,0.124395992,9/30/22,274,54:32.5
UNP,0.12056371,9/30/22,274,54:32.5
GBX,0.108191022,9/30/22,274,54:32.5
DDD,0.3,9/30/22,240,54:35.5
SSYS,0.3,9/30/22,240,54:35.5
DM,0.202037774,9/30/22,240,54:35.5
VLD,0.197962226,9/30/22,240,54:35.5
ACEL,0.171708983,9/30/22,257,54:38.9
MCRI,0.112187072,9/30/22,257,54:38.9
BYD,0.097245963,9/30/22,257,54:38.9
CHDN,0.076935318,9/30/22,257,54:38.9
RRR,0.070077611,9/30/22,257,54:38.9
LVS,0.066468448,9/30/22,257,54:38.9
BALY,0.063481924,9/30/22,257,54:38.9
EVRI,0.063434467,9/30/22,257,54:38.9
GDEN,0.056100123,9/30/22,257,54:38.9
WYNN,0.048530783,9/30/22,257,54:38.9
MGM,0.048081506,9/30/22,257,54:38.9
PENN,0.032658745,9/30/22,257,54:38.9
MLCO,0.030276925,9/30/22,257,54:38.9
IGT,0.023515167,9/30/22,257,54:38.9
RSI,0.016484872,9/30/22,257,54:38.9
CZR,0.012812094,9/30/22,257,54:38.9
DKNG,0.01,9/30/22,257,54:38.9
VMW,0.3,9/30/22,260,54:44.4
SWI,0.259490821,9/30/22,260,54:44.4
NEWR,0.171609422,9/30/22,260,54:44.4
DT,0.163570112,9/30/22,260,54:44.4
DDOG,0.105329645,9/30/22,260,54:44.4
IIPR,0.076765676,9/30/22,263,54:48.2
LAND,0.063531182,9/30/22,263,54:48.2
PLD,0.061542949,9/30/22,263,54:48.2
STAG,0.061476107,9/30/22,263,54:48.2
REXR,0.059215045,9/30/22,263,54:48.2
EGP,0.058365429,9/30/22,263,54:48.2
NSA,0.057487818,9/30/22,263,54:48.2
TRNO,0.056834716,9/30/22,263,54:48.2
DRE,0.054986784,9/30/22,263,54:48.2
ILPT,0.054026317,9/30/22,263,54:48.2
EXR,0.054006213,9/30/22,263,54:48.2
LXP,0.053235646,9/30/22,263,54:48.2
LSI,0.052859727,9/30/22,263,54:48.2
CUBE,0.052203268,9/30/22,263,54:48.2
FR,0.051273239,9/30/22,263,54:48.2
COLD,0.046592653,9/30/22,263,54:48.2
PLYM,0.044891274,9/30/22,263,54:48.2
PSA,0.040705958,9/30/22,263,54:48.2
SPG,0.060549824,9/30/22,266,54:53.5
REG,0.059831267,9/30/22,266,54:53.5
KIM,0.05899554,9/30/22,266,54:53.5
BRX,0.058406134,9/30/22,266,54:53.5
FRT,0.056917568,9/30/22,266,54:53.5
ROIC,0.056761535,9/30/22,266,54:53.5
MAC,0.054777947,9/30/22,266,54:53.5
KRG,0.054713916,9/30/22,266,54:53.5
SITC,0.054368162,9/30/22,266,54:53.5
RPT,0.054293041,9/30/22,266,54:53.5
SKT,0.053839703,9/30/22,266,54:53.5
AKR,0.052315415,9/30/22,266,54:53.5
NTST,0.049481686,9/30/22,266,54:53.5
NNN,0.047895742,9/30/22,266,54:53.5
PECO,0.046463029,9/30/22,266,54:53.5
WSR,0.043205954,9/30/22,266,54:53.5
SRG,0.040242598,9/30/22,266,54:53.5
GTY,0.038481057,9/30/22,266,54:53.5
O,0.034810501,9/30/22,266,54:53.5
ADC,0.023649379,9/30/22,266,54:53.5
PPC,0.231792529,9/30/22,254,54:56.5
LAND,0.212323731,9/30/22,254,54:56.5
BG,0.192294075,9/30/22,254,54:56.5
CALM,0.187893194,9/30/22,254,54:56.5
CVGW,0.175696472,9/30/22,254,54:56.5
PYPL,0.552013864,9/30/22,269,55:01.5
GTLB,0.255452568,9/30/22,269,55:01.5
AFRM,0.192533568,9/30/22,269,55:01.5
NMR,0.18426659,9/30/22,87,55:06.1
FNF,0.141949282,9/30/22,87,55:06.1
GS,0.124537042,9/30/22,87,55:06.1
MS,0.113976874,9/30/22,87,55:06.1
SCHW,0.105079998,9/30/22,87,55:06.1
IBKR,0.104939265,9/30/22,87,55:06.1
LPLA,0.093973616,9/30/22,87,55:06.1
XP,0.074643212,9/30/22,87,55:06.1
HOOD,0.056634122,9/30/22,87,55:06.1
CMC,0.192100795,9/30/22,162,55:13.1
STLD,0.167956391,9/30/22,162,55:13.1
NUE,0.158426315,9/30/22,162,55:13.1
SCHN,0.140435007,9/30/22,162,55:13.1
X,0.120365792,9/30/22,162,55:13.1
TMST,0.115141359,9/30/22,162,55:13.1
CLF,0.105574342,9/30/22,162,55:13.1
IBM,0.3,9/30/22,59,55:21.5
ORCL,0.277273092,9/30/22,59,55:21.5
SAP,0.252486795,9/30/22,59,55:21.5
SNOW,0.091976238,9/30/22,59,55:21.5
MDB,0.078263875,9/30/22,59,55:21.5
COST,0.111518759,9/30/22,275,55:25.1
BAC,0.092122812,9/30/22,275,55:25.1
PLD,0.089149101,9/30/22,275,55:25.1
JPM,0.08119273,9/30/22,275,55:25.1
AON,0.077276468,9/30/22,275,55:25.1
MMC,0.077196254,9/30/22,275,55:25.1
NEE,0.076103091,9/30/22,275,55:25.1
AMT,0.066090548,9/30/22,275,55:25.1
CCI,0.061567579,9/30/22,275,55:25.1
COP,0.060568296,9/30/22,275,55:25.1
TTE,0.059791848,9/30/22,275,55:25.1
CB,0.024956539,9/30/22,275,55:25.1
SHEL,0.023938544,9/30/22,275,55:25.1
CVX,0.020139144,9/30/22,275,55:25.1
XOM,0.018388288,9/30/22,275,55:25.1
LFC,0.01,9/30/22,275,55:25.1
SO,0.01,9/30/22,275,55:25.1
WMT,0.01,9/30/22,275,55:25.1
D,0.01,9/30/22,275,55:25.1
DUK,0.01,9/30/22,275,55:25.1
PGR,0.01,9/30/22,275,55:25.1
CAN,0.3,9/30/22,252,55:28.0
HUT,0.244360497,9/30/22,252,55:28.0
RIOT,0.244212638,9/30/22,252,55:28.0
MARA,0.211426865,9/30/22,252,55:28.0
CRM,0.3,9/30/22,207,55:31.0
SAP,0.3,9/30/22,207,55:31.0
BIGC,0.221549576,9/30/22,207,55:31.0
SHOP,0.178450424,9/30/22,207,55:31.0
SYK,0.096439712,9/30/22,259,55:35.9
ABT,0.091482715,9/30/22,259,55:35.9
ZTS,0.091396568,9/30/22,259,55:35.9
ISRG,0.089577502,9/30/22,259,55:35.9
TMO,0.085734597,9/30/22,259,55:35.9
DHR,0.084633334,9/30/22,259,55:35.9
CI,0.077666998,9/30/22,259,55:35.9
MDT,0.065560766,9/30/22,259,55:35.9
UNH,0.06539452,9/30/22,259,55:35.9
LLY,0.065060193,9/30/22,259,55:35.9
CVS,0.059400478,9/30/22,259,55:35.9
PFE,0.036105812,9/30/22,259,55:35.9
GILD,0.023618407,9/30/22,259,55:35.9
BDX,0.017928398,9/30/22,259,55:35.9
BMY,0.01,9/30/22,259,55:35.9
JNJ,0.01,9/30/22,259,55:35.9
MRK,0.01,9/30/22,259,55:35.9
AMGN,0.01,9/30/22,259,55:35.9
ABBV,0.01,9/30/22,259,55:35.9
IBKR,0.641583337,9/30/22,251,55:40.1
HOOD,0.218529453,9/30/22,251,55:40.1
COIN,0.139887209,9/30/22,251,55:40.1
IBM,0.211704192,9/30/22,83,55:43.8
CSCO,0.091400174,9/30/22,83,55:43.8
ORCL,0.079124946,9/30/22,83,55:43.8
GOOG,0.072651385,9/30/22,83,55:43.8
TXN,0.059998553,9/30/22,83,55:43.8
TSM,0.053179158,9/30/22,83,55:43.8
INTC,0.053175232,9/30/22,83,55:43.8
BABA,0.049963819,9/30/22,83,55:43.8
MSFT,0.047594036,9/30/22,83,55:43.8
AMZN,0.047091651,9/30/22,83,55:43.8
AAPL,0.043732245,9/30/22,83,55:43.8
AVGO,0.041834875,9/30/22,83,55:43.8
ADBE,0.033280847,9/30/22,83,55:43.8
QCOM,0.031556307,9/30/22,83,55:43.8
CRM,0.031430585,9/30/22,83,55:43.8
ASML,0.0226198,9/30/22,83,55:43.8
AMD,0.01570997,9/30/22,83,55:43.8
NVDA,0.013952225,9/30/22,83,55:43.8
ATVI,0.194264728,9/30/22,271,55:46.9
EA,0.187801731,9/30/22,271,55:46.9
SCPL,0.147504175,9/30/22,271,55:46.9
TTWO,0.141215697,9/30/22,271,55:46.9
NTES,0.102622378,9/30/22,271,55:46.9
PLTK,0.093574364,9/30/22,271,55:46.9
RBLX,0.067400633,9/30/22,271,55:46.9
HUYA,0.065616293,9/30/22,271,55:46.9
SXC,0.218671181,9/30/22,248,55:49.6
ARLP,0.173760745,9/30/22,248,55:49.6
HCC,0.157472335,9/30/22,248,55:49.6
CEIX,0.123175832,9/30/22,248,55:49.6
ARCH,0.122949918,9/30/22,248,55:49.6
METC,0.111110041,9/30/22,248,55:49.6
BTU,0.092859949,9/30/22,248,55:49.6
BEPC,0.161744766,9/30/22,107,55:53.0
CWEN,0.151552061,9/30/22,107,55:53.0
AY,0.148037716,9/30/22,107,55:53.0
ORA,0.118166086,9/30/22,107,55:53.0
FSLR,0.079284349,9/30/22,107,55:53.0
CSIQ,0.059647595,9/30/22,107,55:53.0
JKS,0.057222962,9/30/22,107,55:53.0
SEDG,0.049674627,9/30/22,107,55:53.0
ENPH,0.041346999,9/30/22,107,55:53.0
RUN,0.035748117,9/30/22,107,55:53.0
PLUG,0.035101612,9/30/22,107,55:53.0
NOVA,0.033320695,9/30/22,107,55:53.0
FLNC,0.029152414,9/30/22,107,55:53.0
EQT,0.1031081,9/30/22,134,55:56.3
BP,0.10198635,9/30/22,134,55:56.3
CLR,0.085746109,9/30/22,134,55:56.3
CVX,0.085329707,9/30/22,134,55:56.3
HES,0.085191483,9/30/22,134,55:56.3
COP,0.080481699,9/30/22,134,55:56.3
OVV,0.078870506,9/30/22,134,55:56.3
DVN,0.077799955,9/30/22,134,55:56.3
XOM,0.077576664,9/30/22,134,55:56.3
OXY,0.07562328,9/30/22,134,55:56.3
EOG,0.075045738,9/30/22,134,55:56.3
MRO,0.073240408,9/30/22,134,55:56.3
BKNG,0.193088788,9/30/22,173,55:59.5
TRIP,0.162930804,9/30/22,173,55:59.5
EXPE,0.162545883,9/30/22,173,55:59.5
TCOM,0.153777635,9/30/22,173,55:59.5
MMYT,0.152434822,9/30/22,173,55:59.5
ABNB,0.101322884,9/30/22,173,55:59.5
SOND,0.073899183,9/30/22,173,55:59.5
JCI,0.174241749,9/30/22,244,56:02.8
MTZ,0.112018021,9/30/22,244,56:02.8
GVA,0.109091626,9/30/22,244,56:02.8
STRL,0.1084763,9/30/22,244,56:02.8
ROAD,0.101685454,9/30/22,244,56:02.8
PRIM,0.099319816,9/30/22,244,56:02.8
FLR,0.098975018,9/30/22,244,56:02.8
AGX,0.098826291,9/30/22,244,56:02.8
GLDD,0.097365725,9/30/22,244,56:02.8
LUV,0.147599718,9/30/22,19,56:05.9
RYAAY,0.142870621,9/30/22,19,56:05.9
ALK,0.110262866,9/30/22,19,56:05.9
SAVE,0.106498723,9/30/22,19,56:05.9
SKYW,0.096694686,9/30/22,19,56:05.9
DAL,0.084249898,9/30/22,19,56:05.9
JBLU,0.071273683,9/30/22,19,56:05.9
HA,0.065219385,9/30/22,19,56:05.9
ULCC,0.061173343,9/30/22,19,56:05.9
UAL,0.059791503,9/30/22,19,56:05.9
AAL,0.054365575,9/30/22,19,56:05.9
AZN,0.269068909,9/30/22,140,56:08.9
PFE,0.237939539,9/30/22,140,56:08.9
JNJ,0.21876462,9/30/22,140,56:08.9
MRNA,0.101669889,9/30/22,140,56:08.9
BNTX,0.101383834,9/30/22,140,56:08.9
NVAX,0.071173209,9/30/22,140,56:08.9
FMC,0.172147878,9/30/22,16,56:12.0
CTVA,0.147551368,9/30/22,16,56:12.0
AGRO,0.139946693,9/30/22,16,56:12.0
AVD,0.138754699,9/30/22,16,56:12.0
UAN,0.089322811,9/30/22,16,56:12.0
NTR,0.088189822,9/30/22,16,56:12.0
MOS,0.084158616,9/30/22,16,56:12.0
CF,0.076236498,9/30/22,16,56:12.0
IPI,0.063691615,9/30/22,16,56:12.0
IBM,0.3,9/30/22,245,56:15.2
ORCL,0.191575741,9/30/22,245,56:15.2
SAP,0.177914487,9/30/22,245,56:15.2
ZEN,0.107606154,9/30/22,245,56:15.2
SPLK,0.085904104,9/30/22,245,56:15.2
AYX,0.082238607,9/30/22,245,56:15.2
DOMO,0.054760906,9/30/22,245,56:15.2
VRE,0.088104422,9/30/22,265,56:18.9
AIV,0.086183001,9/30/22,265,56:18.9
INVH,0.076071456,9/30/22,265,56:18.9
UMH,0.06676381,9/30/22,265,56:18.9
AMH,0.066028011,9/30/22,265,56:18.9
SUI,0.063420265,9/30/22,265,56:18.9
UDR,0.060647826,9/30/22,265,56:18.9
EQR,0.060176418,9/30/22,265,56:18.9
ESS,0.05994647,9/30/22,265,56:18.9
AIRC,0.05880561,9/30/22,265,56:18.9
ELS,0.058464499,9/30/22,265,56:18.9
NXRT,0.05709929,9/30/22,265,56:18.9
IRT,0.053167901,9/30/22,265,56:18.9
MAA,0.052969612,9/30/22,265,56:18.9
AVB,0.052062414,9/30/22,265,56:18.9
CPT,0.040088995,9/30/22,265,56:18.9
CRON,0.3,9/30/22,243,56:22.0
TLRY,0.259898901,9/30/22,243,56:22.0
ACB,0.228310107,9/30/22,243,56:22.0
CGC,0.211790992,9/30/22,243,56:22.0
ROG,0.269891245,9/30/22,217,56:25.2
HXL,0.188087962,9/30/22,217,56:25.2
HUN,0.173988286,9/30/22,217,56:25.2
AVNT,0.144415987,9/30/22,217,56:25.2
TSE,0.123131743,9/30/22,217,56:25.2
PCT,0.100484778,9/30/22,217,56:25.2
BLNK,0.292557799,9/30/22,230,56:28.3
EVGO,0.284277118,9/30/22,230,56:28.3
CHPT,0.232173503,9/30/22,230,56:28.3
VLTA,0.190991579,9/30/22,230,56:28.3
SWCH,0.111928387,9/30/22,210,56:32.5
AKAM,0.079051738,9/30/22,210,56:32.5
NTCT,0.078261715,9/30/22,210,56:32.5
CSCO,0.07470768,9/30/22,210,56:32.5
JNPR,0.059863861,9/30/22,210,56:32.5
RDWR,0.055066357,9/30/22,210,56:32.5
VIAV,0.054809919,9/30/22,210,56:32.5
NTGR,0.051212887,9/30/22,210,56:32.5
VRSN,0.050733479,9/30/22,210,56:32.5
FFIV,0.046699624,9/30/22,210,56:32.5
GDDY,0.046391355,9/30/22,210,56:32.5
UI,0.042994724,9/30/22,210,56:32.5
LITE,0.041941845,9/30/22,210,56:32.5
CIEN,0.041075085,9/30/22,210,56:32.5
ATEN,0.040060149,9/30/22,210,56:32.5
ANET,0.035301474,9/30/22,210,56:32.5
FTNT,0.028845795,9/30/22,210,56:32.5
RXT,0.026994039,9/30/22,210,56:32.5
GDS,0.019437283,9/30/22,210,56:32.5
NET,0.014622605,9/30/22,210,56:32.5
MPC,0.071401801,9/30/22,92,56:36.3
TTE,0.068933913,9/30/22,92,56:36.3
E,0.065682672,9/30/22,92,56:36.3
CTRA,0.056568636,9/30/22,92,56:36.3
PBR,0.053416058,9/30/22,92,56:36.3
BP,0.053052208,9/30/22,92,56:36.3
HES,0.052586369,9/30/22,92,56:36.3
PSX,0.052295882,9/30/22,92,56:36.3
CLR,0.052088371,9/30/22,92,56:36.3
DVN,0.051081356,9/30/22,92,56:36.3
FANG,0.050536588,9/30/22,92,56:36.3
OXY,0.0483929,9/30/22,92,56:36.3
MRO,0.046939811,9/30/22,92,56:36.3
COP,0.046741918,9/30/22,92,56:36.3
PXD,0.04601681,9/30/22,92,56:36.3
EOG,0.042345795,9/30/22,92,56:36.3
PBR-A,0.039896114,9/30/22,92,56:36.3
VLO,0.039479822,9/30/22,92,56:36.3
CVX,0.033419367,9/30/22,92,56:36.3
XOM,0.029123608,9/30/22,92,56:36.3
FSR,0.176773652,9/30/22,253,56:39.7
TSLA,0.164001966,9/30/22,253,56:39.7
XPEV,0.126655238,9/30/22,253,56:39.7
NKLA,0.123144522,9/30/22,253,56:39.7
LCID,0.118944411,9/30/22,253,56:39.7
GOEV,0.103528714,9/30/22,253,56:39.7
RIVN,0.094622189,9/30/22,253,56:39.7
NIO,0.092329309,9/30/22,253,56:39.7
RGR,0.3,9/30/22,255,56:43.0
VSTO,0.2628243,9/30/22,255,56:43.0
SWBI,0.226385877,9/30/22,255,56:43.0
POWW,0.210789823,9/30/22,255,56:43.0
COST,0.118908008,9/30/22,256,56:46.8
WBA,0.109645635,9/30/22,256,56:46.8
UNFI,0.108984495,9/30/22,256,56:46.8
TGT,0.107428815,9/30/22,256,56:46.8
DG,0.106231423,9/30/22,256,56:46.8
PSMT,0.09773089,9/30/22,256,56:46.8
DLTR,0.091600121,9/30/22,256,56:46.8
SFM,0.075353472,9/30/22,256,56:46.8
SPTN,0.074329972,9/30/22,256,56:46.8
ACI,0.064001835,9/30/22,256,56:46.8
KR,0.025673199,9/30/22,256,56:46.8
WMT,0.020112135,9/30/22,256,56:46.8
NEE,0.150202418,9/30/22,270,56:50.3
AWK,0.147898583,9/30/22,270,56:50.3
PPL,0.141096358,9/30/22,270,56:50.3
EIX,0.125678108,9/30/22,270,56:50.3
AEP,0.062920114,9/30/22,270,56:50.3
ETR,0.062659016,9/30/22,270,56:50.3
AEE,0.047775041,9/30/22,270,56:50.3
FE,0.047770637,9/30/22,270,56:50.3
ES,0.044190217,9/30/22,270,56:50.3
XEL,0.043501723,9/30/22,270,56:50.3
DTE,0.029309523,9/30/22,270,56:50.3
SO,0.029232654,9/30/22,270,56:50.3
D,0.023397647,9/30/22,270,56:50.3
ED,0.018719643,9/30/22,270,56:50.3
WEC,0.013786348,9/30/22,270,56:50.3
DUK,0.011861971,9/30/22,270,56:50.3
IAC,0.3,9/30/22,268,56:53.5
BIDU,0.231748952,9/30/22,268,56:53.5
MTCH,0.226397328,9/30/22,268,56:53.5
PINS,0.141319261,9/30/22,268,56:53.5
SNAP,0.100534459,9/30/22,268,56:53.5
WPM,0.166074433,9/30/22,267,56:56.8
AUY,0.140935775,9/30/22,267,56:56.8
BVN,0.132426653,9/30/22,267,56:56.8
HL,0.118002649,9/30/22,267,56:56.8
AG,0.11721578,9/30/22,267,56:56.8
CDE,0.112277042,9/30/22,267,56:56.8
FSM,0.112222075,9/30/22,267,56:56.8
EXK,0.100845593,9/30/22,267,56:56.8
ZWS,0.214675462,9/30/22,273,56:59.8
AWK,0.196040963,9/30/22,273,56:59.8
WTRG,0.190290541,9/30/22,273,56:59.8
CWT,0.135691796,9/30/22,273,56:59.8
MSEX,0.133049168,9/30/22,273,56:59.8
AWR,0.130252069,9/30/22,273,56:59.8
RTX,0.107596022,9/30/22,241,57:03.1
HEI,0.106157461,9/30/22,241,57:03.1
NOC,0.101965972,9/30/22,241,57:03.1
LMT,0.097950363,9/30/22,241,57:03.1
TXT,0.097796995,9/30/22,241,57:03.1
TDG,0.097525498,9/30/22,241,57:03.1
HWM,0.097246024,9/30/22,241,57:03.1
ESLT,0.09560935,9/30/22,241,57:03.1
BA,0.079414146,9/30/22,241,57:03.1
MAXR,0.065561155,9/30/22,241,57:03.1
SPCE,0.053177013,9/30/22,241,57:03.1
QS,0.528150815,9/30/22,242,57:05.7
MVST,0.471849185,9/30/22,242,57:05.7
CI,0.24006533,9/30/22,258,57:08.8
UNH,0.220116098,9/30/22,258,57:08.8
MOH,0.190186748,9/30/22,258,57:08.8
CNC,0.182362771,9/30/22,258,57:08.8
HUM,0.167269053,9/30/22,258,57:08.8
ALSN,0.168940845,9/30/22,246,57:12.3
DORM,0.12597286,9/30/22,246,57:12.3
MNRO,0.078179092,9/30/22,246,57:12.3
GNTX,0.071681569,9/30/22,246,57:12.3
LKQ,0.064203978,9/30/22,246,57:12.3
TEN,0.060521819,9/30/22,246,57:12.3
BWA,0.047225769,9/30/22,246,57:12.3
HYLN,0.042488262,9/30/22,246,57:12.3
XPEL,0.039699664,9/30/22,246,57:12.3
THRM,0.038198678,9/30/22,246,57:12.3
MOD,0.037718666,9/30/22,246,57:12.3
LEA,0.036052989,9/30/22,246,57:12.3
VC,0.033498685,9/30/22,246,57:12.3
APTV,0.02769593,9/30/22,246,57:12.3
DAN,0.026582678,9/30/22,246,57:12.3
AXL,0.022372888,9/30/22,246,57:12.3
GT,0.022112907,9/30/22,246,57:12.3
AEVA,0.02207206,9/30/22,246,57:12.3
ADNT,0.018946955,9/30/22,246,57:12.3
QS,0.015833706,9/30/22,246,57:12.3
TM,0.202442195,9/30/22,42,57:16.1
HMC,0.197707154,9/30/22,42,57:16.1
RACE,0.145931396,9/30/22,42,57:16.1
TTM,0.134629261,9/30/22,42,57:16.1
THO,0.11837767,9/30/22,42,57:16.1
GM,0.104208947,9/30/22,42,57:16.1
F,0.096703377,9/30/22,42,57:16.1
HON,0.179133005,9/30/22,261,57:19.3
FTDR,0.136652362,9/30/22,261,57:19.3
BMI,0.114281405,9/30/22,261,57:19.3
ROK,0.107959303,9/30/22,261,57:19.3
ALRM,0.095236804,9/30/22,261,57:19.3
REZI,0.070360565,9/30/22,261,57:19.3
SLAB,0.067391002,9/30/22,261,57:19.3
TRMB,0.06737753,9/30/22,261,57:19.3
ITRI,0.065662054,9/30/22,261,57:19.3
ZBRA,0.062535074,9/30/22,261,57:19.3
IOT,0.033410896,9/30/22,261,57:19.3
EL,0.126829896,9/30/22,249,57:23.1
SYY,0.115189817,9/30/22,249,57:23.1
MNST,0.112021166,9/30/22,249,57:23.1
COST,0.111320512,9/30/22,249,57:23.1
WBA,0.108838628,9/30/22,249,57:23.1
ADM,0.08747853,9/30/22,249,57:23.1
MDLZ,0.064281431,9/30/22,249,57:23.1
PEP,0.055472189,9/30/22,249,57:23.1
STZ,0.045923283,9/30/22,249,57:23.1
KO,0.039636045,9/30/22,249,57:23.1
PG,0.033655756,9/30/22,249,57:23.1
WMT,0.019352748,9/30/22,249,57:23.1
KR,0.01,9/30/22,249,57:23.1
KHC,0.01,9/30/22,249,57:23.1
MO,0.01,9/30/22,249,57:23.1
PM,0.01,9/30/22,249,57:23.1
KMB,0.01,9/30/22,249,57:23.1
CL,0.01,9/30/22,249,57:23.1
HSY,0.01,9/30/22,249,57:23.1
GIS,0.01,9/30/22,249,57:23.1
VRTX,0.3,9/30/22,37,57:26.1
SRPT,0.204615641,9/30/22,37,57:26.1
APLS,0.128494164,9/30/22,37,57:26.1
CRSP,0.088870772,9/30/22,37,57:26.1
ALLO,0.074068149,9/30/22,37,57:26.1
VERV,0.055843077,9/30/22,37,57:26.1
NTLA,0.053446929,9/30/22,37,57:26.1
EDIT,0.048925174,9/30/22,37,57:26.1
BEAM,0.045736094,9/30/22,37,57:26.1
HTLD,0.15632394,9/30/22,172,57:29.4
WERN,0.136744864,9/30/22,172,57:29.4
SNDR,0.124764005,9/30/22,172,57:29.4
KNX,0.118063002,9/30/22,172,57:29.4
MRTN,0.116151018,9/30/22,172,57:29.4
ODFL,0.088835701,9/30/22,172,57:29.4
DSKE,0.074433561,9/30/22,172,57:29.4
ARCB,0.070653618,9/30/22,172,57:29.4
SAIA,0.068595166,9/30/22,172,57:29.4
YELL,0.045435124,9/30/22,172,57:29.4
OXM,0.120606296,9/30/22,73,57:32.8
VFC,0.119981177,9/30/22,73,57:32.8
COLM,0.108441044,9/30/22,73,57:32.8
HBI,0.087208868,9/30/22,73,57:32.8
NKE,0.076573561,9/30/22,73,57:32.8
KTB,0.074638343,9/30/22,73,57:32.8
RL,0.062712982,9/30/22,73,57:32.8
SKX,0.059357798,9/30/22,73,57:32.8
LULU,0.049892522,9/30/22,73,57:32.8
GPS,0.045782543,9/30/22,73,57:32.8
GIII,0.045499883,9/30/22,73,57:32.8
UA,0.034936783,9/30/22,73,57:32.8
PVH,0.034818273,9/30/22,73,57:32.8
CPRI,0.032717321,9/30/22,73,57:32.8
JWN,0.029627859,9/30/22,73,57:32.8
FIGS,0.017204747,9/30/22,73,57:32.8
RCL,0.295087111,9/30/22,56,57:35.7
CCL,0.241218957,9/30/22,56,57:35.7
NCLH,0.235728415,9/30/22,56,57:35.7
LIND,0.227965517,9/30/22,56,57:35.7
MSGS,0.122898439,9/30/22,79,57:39.0
WWE,0.117425349,9/30/22,79,57:39.0
MANU,0.109864155,9/30/22,79,57:39.0
FWONA,0.103710634,9/30/22,79,57:39.0
DIS,0.068395694,9/30/22,79,57:39.0
LGF-A,0.062607575,9/30/22,79,57:39.0
WMG,0.056207999,9/30/22,79,57:39.0
IMAX,0.050717572,9/30/22,79,57:39.0
LYV,0.049574654,9/30/22,79,57:39.0
CNK,0.044969263,9/30/22,79,57:39.0
WBD,0.044872893,9/30/22,79,57:39.0
TME,0.034877574,9/30/22,79,57:39.0
NFLX,0.03475996,9/30/22,79,57:39.0
SPOT,0.030607615,9/30/22,79,57:39.0
AMC,0.023987851,9/30/22,79,57:39.0
ROKU,0.022988506,9/30/22,79,57:39.0
IQ,0.021534267,9/30/22,79,57:39.0
HDB,0.053027156,9/30/22,205,57:43.0
GS,0.052194951,9/30/22,205,57:43.0
MS,0.050483842,9/30/22,205,57:43.0
USB,0.049956695,9/30/22,205,57:43.0
TD,0.049503772,9/30/22,205,57:43.0
BNS,0.049394978,9/30/22,205,57:43.0
JPM,0.049275373,9/30/22,205,57:43.0
CM,0.049158379,9/30/22,205,57:43.0
RY,0.049041127,9/30/22,205,57:43.0
C,0.048113588,9/30/22,205,57:43.0
BAC,0.047185613,9/30/22,205,57:43.0
WFC,0.046409372,9/30/22,205,57:43.0
COF,0.046058235,9/30/22,205,57:43.0
EWBC,0.045346058,9/30/22,205,57:43.0
BSBR,0.045181105,9/30/22,205,57:43.0
HSBC,0.044614661,9/30/22,205,57:43.0
LYG,0.039862755,9/30/22,205,57:43.0
CS,0.039305191,9/30/22,205,57:43.0
BCS,0.038110405,9/30/22,205,57:43.0
NU,0.037614516,9/30/22,205,57:43.0
ING,0.036757379,9/30/22,205,57:43.0
DB,0.03340485,9/30/22,205,57:43.0
SRCL,0.190816664,9/30/22,191,57:46.2
RSG,0.18822184,9/30/22,191,57:46.2
CWST,0.176532989,9/30/22,191,57:46.2
CLH,0.174882429,9/30/22,191,57:46.2
WM,0.15556696,9/30/22,191,57:46.2
HSC,0.113979118,9/30/22,191,57:46.2
TU,0.221455996,9/30/22,170,57:49.4
KT,0.210926254,9/30/22,170,57:49.4
TEF,0.179180348,9/30/22,170,57:49.4
BCE,0.171490008,9/30/22,170,57:49.4
T,0.150758136,9/30/22,170,57:49.4
VZ,0.056189258,9/30/22,170,57:49.4
ORAN,0.01,9/30/22,170,57:49.4
LEN-B,0.091352649,9/30/22,208,57:53.1
MDC,0.076020693,9/30/22,208,57:53.1
MTH,0.074938308,9/30/22,208,57:53.1
TPH,0.072972464,9/30/22,208,57:53.1
MHO,0.06981979,9/30/22,208,57:53.1
PHM,0.0679738,9/30/22,208,57:53.1
DHI,0.066696358,9/30/22,208,57:53.1
LEN,0.064399287,9/30/22,208,57:53.1
TOL,0.063830555,9/30/22,208,57:53.1
KBH,0.059958698,9/30/22,208,57:53.1
TMHC,0.053385548,9/30/22,208,57:53.1
LGIH,0.053305643,9/30/22,208,57:53.1
CCS,0.051687699,9/30/22,208,57:53.1
GRBK,0.051180339,9/30/22,208,57:53.1
BZH,0.044687535,9/30/22,208,57:53.1
SKY,0.037790635,9/30/22,208,57:53.1
PCG,0.137747493,9/30/22,77,57:57.0
NEE,0.122152917,9/30/22,77,57:57.0
VST,0.104665468,9/30/22,77,57:57.0
NRG,0.100909674,9/30/22,77,57:57.0
PPL,0.085670313,9/30/22,77,57:57.0
EIX,0.074667932,9/30/22,77,57:57.0
CNP,0.0728168,9/30/22,77,57:57.0
EVRG,0.035061156,9/30/22,77,57:57.0
OGE,0.034807218,9/30/22,77,57:57.0
AEP,0.025740923,9/30/22,77,57:57.0
ETR,0.025664636,9/30/22,77,57:57.0
LNT,0.016173599,9/30/22,77,57:57.0
PNW,0.013137589,9/30/22,77,57:57.0
ES,0.01078428,9/30/22,77,57:57.0
PNM,0.01,9/30/22,77,57:57.0
CMS,0.01,9/30/22,77,57:57.0
POR,0.01,9/30/22,77,57:57.0
SO,0.01,9/30/22,77,57:57.0
WEC,0.01,9/30/22,77,57:57.0
AEE,0.01,9/30/22,77,57:57.0
IDA,0.01,9/30/22,77,57:57.0
FE,0.01,9/30/22,77,57:57.0
ED,0.01,9/30/22,77,57:57.0
DUK,0.01,9/30/22,77,57:57.0
DTE,0.01,9/30/22,77,57:57.0
D,0.01,9/30/22,77,57:57.0
AGR,0.01,9/30/22,77,57:57.0
XEL,0.01,9/30/22,77,57:57.0
HNI,0.222235396,9/30/22,95,58:00.2
LEG,0.197258952,9/30/22,95,58:00.2
LZB,0.141418848,9/30/22,95,58:00.2
AMWD,0.138186122,9/30/22,95,58:00.2
WSM,0.082215727,9/30/22,95,58:00.2
SNBR,0.078356146,9/30/22,95,58:00.2
RH,0.065921573,9/30/22,95,58:00.2
BBBY,0.042890947,9/30/22,95,58:00.2
W,0.03151629,9/30/22,95,58:00.2
PGR,0.111325156,9/30/22,118,58:03.3
ALL,0.103585573,9/30/22,118,58:03.3
TRV,0.102027106,9/30/22,118,58:03.3
MET,0.101474614,9/30/22,118,58:03.3
GNW,0.096876914,9/30/22,118,58:03.3
PRU,0.09601542,9/30/22,118,58:03.3
RGA,0.094238575,9/30/22,118,58:03.3
AIG,0.085325942,9/30/22,118,58:03.3
LNC,0.075637697,9/30/22,118,58:03.3
BHF,0.071205639,9/30/22,118,58:03.3
LMND,0.062287364,9/30/22,118,58:03.3
CHRW,0.101121715,9/30/22,155,58:06.5
ATSG,0.094279071,9/30/22,155,58:06.5
UPS,0.092711388,9/30/22,155,58:06.5
LSTR,0.091761846,9/30/22,155,58:06.5
EXPD,0.088160002,9/30/22,155,58:06.5
JBHT,0.081271885,9/30/22,155,58:06.5
HUBG,0.072463563,9/30/22,155,58:06.5
R,0.070516367,9/30/22,155,58:06.5
FWRD,0.068527742,9/30/22,155,58:06.5
PBI,0.066840315,9/30/22,155,58:06.5
FDX,0.065976759,9/30/22,155,58:06.5
CYRX,0.058436431,9/30/22,155,58:06.5
XPO,0.047932915,9/30/22,155,58:06.5