symbol,weight,date,ttf_id,optimized_at
TTC,0.1198060483420557,2022-11-24,225,2022-11-25 15:24:19.091462
PCAR,0.1149101231363559,2022-11-24,225,2022-11-25 15:24:19.091462
LNN,0.1141927811844641,2022-11-24,225,2022-11-25 15:24:19.091462
ALSN,0.1094580232602932,2022-11-24,225,2022-11-25 15:24:19.091462
OSK,0.1052474111760462,2022-11-24,225,2022-11-25 15:24:19.091462
CAT,0.0945624350068975,2022-11-24,225,2022-11-25 15:24:19.091462
DE,0.0940219604945031,2022-11-24,225,2022-11-25 15:24:19.091462
CNHI,0.0837419267395786,2022-11-24,225,2022-11-25 15:24:19.091462
TEX,0.0834087445782311,2022-11-24,225,2022-11-25 15:24:19.091462
AGCO,0.0806505460815743,2022-11-24,225,2022-11-25 15:24:19.091462
TXN,0.1373647966529749,2022-11-24,154,2022-11-25 15:24:23.395573
TSM,0.1063439830351879,2022-11-24,154,2022-11-25 15:24:23.395573
INTC,0.0918682747969152,2022-11-24,154,2022-11-25 15:24:23.395573
AVGO,0.086433478838339,2022-11-24,154,2022-11-25 15:24:23.395573
ADI,0.0862202313626169,2022-11-24,154,2022-11-25 15:24:23.395573
ASX,0.0580599098418937,2022-11-24,154,2022-11-25 15:24:23.395573
UMC,0.054488848920109,2022-11-24,154,2022-11-25 15:24:23.395573
NXPI,0.0538009842451835,2022-11-24,154,2022-11-25 15:24:23.395573
QCOM,0.0499974895735696,2022-11-24,154,2022-11-25 15:24:23.395573
SWKS,0.0498163018014356,2022-11-24,154,2022-11-25 15:24:23.395573
QRVO,0.0462822884324305,2022-11-24,154,2022-11-25 15:24:23.395573
MU,0.0454450286201667,2022-11-24,154,2022-11-25 15:24:23.395573
MCHP,0.0387877473286799,2022-11-24,154,2022-11-25 15:24:23.395573
STM,0.0320938185025624,2022-11-24,154,2022-11-25 15:24:23.395573
ON,0.0129968180479345,2022-11-24,154,2022-11-25 15:24:23.395573
NVDA,0.01,2022-11-24,154,2022-11-25 15:24:23.395573
AMD,0.01,2022-11-24,154,2022-11-25 15:24:23.395573
MRVL,0.01,2022-11-24,154,2022-11-25 15:24:23.395573
MPWR,0.01,2022-11-24,154,2022-11-25 15:24:23.395573
WOLF,0.01,2022-11-24,154,2022-11-25 15:24:23.395573
SMPL,0.0970555557330782,2022-11-24,91,2022-11-25 15:24:28.227919
ADM,0.0874259753258629,2022-11-24,91,2022-11-25 15:24:28.227919
LW,0.0866798238835312,2022-11-24,91,2022-11-25 15:24:28.227919
HAIN,0.0827455636668703,2022-11-24,91,2022-11-25 15:24:28.227919
NOMD,0.079223741561452,2022-11-24,91,2022-11-25 15:24:28.227919
MDLZ,0.0756557843743265,2022-11-24,91,2022-11-25 15:24:28.227919
FRPT,0.0702808601451128,2022-11-24,91,2022-11-25 15:24:28.227919
TSN,0.0698530205201433,2022-11-24,91,2022-11-25 15:24:28.227919
BRFS,0.068859357349032,2022-11-24,91,2022-11-25 15:24:28.227919
UL,0.0468740696644395,2022-11-24,91,2022-11-25 15:24:28.227919
POST,0.0467402219374615,2022-11-24,91,2022-11-25 15:24:28.227919
MKC,0.0404335609889563,2022-11-24,91,2022-11-25 15:24:28.227919
TWNK,0.03741235545893,2022-11-24,91,2022-11-25 15:24:28.227919
LANC,0.0107601093908028,2022-11-24,91,2022-11-25 15:24:28.227919
HSY,0.01,2022-11-24,91,2022-11-25 15:24:28.227919
GIS,0.01,2022-11-24,91,2022-11-25 15:24:28.227919
CAG,0.01,2022-11-24,91,2022-11-25 15:24:28.227919
KHC,0.01,2022-11-24,91,2022-11-25 15:24:28.227919
FLO,0.01,2022-11-24,91,2022-11-25 15:24:28.227919
JJSF,0.01,2022-11-24,91,2022-11-25 15:24:28.227919
K,0.01,2022-11-24,91,2022-11-25 15:24:28.227919
HRL,0.01,2022-11-24,91,2022-11-25 15:24:28.227919
SJM,0.01,2022-11-24,91,2022-11-25 15:24:28.227919
CPB,0.01,2022-11-24,91,2022-11-25 15:24:28.227919
FMC,0.3,2022-11-24,125,2022-11-25 15:24:30.462247
ALB,0.2228294091387077,2022-11-24,125,2022-11-25 15:24:30.462247
SQM,0.2052833309090356,2022-11-24,125,2022-11-25 15:24:30.462247
LTHM,0.1363936921449562,2022-11-24,125,2022-11-25 15:24:30.462247
LAC,0.1354935678073005,2022-11-24,125,2022-11-25 15:24:30.462247
CSL,0.0692987357641106,2022-11-24,48,2022-11-25 15:24:35.032868
VMC,0.0672932496239947,2022-11-24,48,2022-11-25 15:24:35.032868
AAON,0.0632565569414039,2022-11-24,48,2022-11-25 15:24:35.032868
MLM,0.0602686899511591,2022-11-24,48,2022-11-25 15:24:35.032868
AWI,0.0594346177766601,2022-11-24,48,2022-11-25 15:24:35.032868
BECN,0.0468575596510156,2022-11-24,48,2022-11-25 15:24:35.032868
EXP,0.0447926497734696,2022-11-24,48,2022-11-25 15:24:35.032868
APOG,0.0407522633846051,2022-11-24,48,2022-11-25 15:24:35.032868
NX,0.0401893588250495,2022-11-24,48,2022-11-25 15:24:35.032868
SUM,0.0389202794277354,2022-11-24,48,2022-11-25 15:24:35.032868
SSD,0.0377249151511008,2022-11-24,48,2022-11-25 15:24:35.032868
CARR,0.0376715135328674,2022-11-24,48,2022-11-25 15:24:35.032868
IBP,0.0375871839645184,2022-11-24,48,2022-11-25 15:24:35.032868
PGTI,0.0365644063284437,2022-11-24,48,2022-11-25 15:24:35.032868
MAS,0.0341243678632477,2022-11-24,48,2022-11-25 15:24:35.032868
BLD,0.0322185042216504,2022-11-24,48,2022-11-25 15:24:35.032868
TGLS,0.0320197871638253,2022-11-24,48,2022-11-25 15:24:35.032868
ROCK,0.0288698922066103,2022-11-24,48,2022-11-25 15:24:35.032868
LPX,0.0273712765938676,2022-11-24,48,2022-11-25 15:24:35.032868
DOOR,0.0240622034376847,2022-11-24,48,2022-11-25 15:24:35.032868
OC,0.0234428284070526,2022-11-24,48,2022-11-25 15:24:35.032868
GMS,0.0207540246456171,2022-11-24,48,2022-11-25 15:24:35.032868
WMS,0.0174413343361725,2022-11-24,48,2022-11-25 15:24:35.032868
JELD,0.0128901151473892,2022-11-24,48,2022-11-25 15:24:35.032868
ASPN,0.0124193495625852,2022-11-24,48,2022-11-25 15:24:35.032868
BLDR,0.0120815014826189,2022-11-24,48,2022-11-25 15:24:35.032868
SWIM,0.0116928348355435,2022-11-24,48,2022-11-25 15:24:35.032868
BXC,0.01,2022-11-24,48,2022-11-25 15:24:35.032868
AZEK,0.01,2022-11-24,48,2022-11-25 15:24:35.032868
TREX,0.01,2022-11-24,48,2022-11-25 15:24:35.032868
IBM,0.198312085374242,2022-11-24,45,2022-11-25 15:24:38.040321
ORCL,0.1422287271485292,2022-11-24,45,2022-11-25 15:24:38.040321
LUMN,0.1367688400672018,2022-11-24,45,2022-11-25 15:24:38.040321
VMW,0.124563689866357,2022-11-24,45,2022-11-25 15:24:38.040321
GOOGL,0.1118874416393436,2022-11-24,45,2022-11-25 15:24:38.040321
MSFT,0.1060256028560075,2022-11-24,45,2022-11-25 15:24:38.040321
AMZN,0.0954643594096782,2022-11-24,45,2022-11-25 15:24:38.040321
BABA,0.0847492536386404,2022-11-24,45,2022-11-25 15:24:38.040321
LOPE,0.3,2022-11-24,74,2022-11-25 15:24:40.186831
LRN,0.2357287365006675,2022-11-24,74,2022-11-25 15:24:40.186831
COUR,0.165148957584604,2022-11-24,74,2022-11-25 15:24:40.186831
UDMY,0.1561296881479367,2022-11-24,74,2022-11-25 15:24:40.186831
CHGG,0.1429926177667916,2022-11-24,74,2022-11-25 15:24:40.186831
IBM,0.2937726801302086,2022-11-24,17,2022-11-25 15:24:42.638012
GOOGL,0.1041614004182844,2022-11-24,17,2022-11-25 15:24:42.638012
TSM,0.0976671472188966,2022-11-24,17,2022-11-25 15:24:42.638012
MSFT,0.0940559528443357,2022-11-24,17,2022-11-25 15:24:42.638012
INTC,0.090318403347838,2022-11-24,17,2022-11-25 15:24:42.638012
AMZN,0.0791769941611933,2022-11-24,17,2022-11-25 15:24:42.638012
QCOM,0.0695472532861527,2022-11-24,17,2022-11-25 15:24:42.638012
BABA,0.0678161104598745,2022-11-24,17,2022-11-25 15:24:42.638012
BIDU,0.0633056129724744,2022-11-24,17,2022-11-25 15:24:42.638012
NVDA,0.0401784451607415,2022-11-24,17,2022-11-25 15:24:42.638012
RGR,0.1420917440576036,2022-11-24,262,2022-11-25 15:24:46.682388
HEI-A,0.0754238075796534,2022-11-24,262,2022-11-25 15:24:46.682388
AIR,0.0751888625563769,2022-11-24,262,2022-11-25 15:24:46.682388
HEI,0.0749943288009507,2022-11-24,262,2022-11-25 15:24:46.682388
BA,0.0749146264227055,2022-11-24,262,2022-11-25 15:24:46.682388
HON,0.0744378578981321,2022-11-24,262,2022-11-25 15:24:46.682388
AXON,0.0657369005737597,2022-11-24,262,2022-11-25 15:24:46.682388
RTX,0.0615261099531086,2022-11-24,262,2022-11-25 15:24:46.682388
GD,0.0577282656611697,2022-11-24,262,2022-11-25 15:24:46.682388
MRCY,0.0550906196886925,2022-11-24,262,2022-11-25 15:24:46.682388
KTOS,0.0548485018130396,2022-11-24,262,2022-11-25 15:24:46.682388
AVAV,0.0512070166332116,2022-11-24,262,2022-11-25 15:24:46.682388
HII,0.039689498357469,2022-11-24,262,2022-11-25 15:24:46.682388
AJRD,0.0382500619251764,2022-11-24,262,2022-11-25 15:24:46.682388
LHX,0.025459175014244,2022-11-24,262,2022-11-25 15:24:46.682388
NOC,0.0234126230647061,2022-11-24,262,2022-11-25 15:24:46.682388
LMT,0.01,2022-11-24,262,2022-11-25 15:24:46.682388
RUSHA,0.1510113029525426,2022-11-24,247,2022-11-25 15:24:49.421651
IAA,0.1112316347823829,2022-11-24,247,2022-11-25 15:24:49.421651
CPRT,0.1107017221029157,2022-11-24,247,2022-11-25 15:24:49.421651
CARS,0.0840102882996837,2022-11-24,247,2022-11-25 15:24:49.421651
AN,0.0779017616709567,2022-11-24,247,2022-11-25 15:24:49.421651
PAG,0.0738797041140597,2022-11-24,247,2022-11-25 15:24:49.421651
LAD,0.0709091510201288,2022-11-24,247,2022-11-25 15:24:49.421651
GPI,0.0701308149613744,2022-11-24,247,2022-11-25 15:24:49.421651
CWH,0.06677360835941,2022-11-24,247,2022-11-25 15:24:49.421651
ABG,0.0642899307309458,2022-11-24,247,2022-11-25 15:24:49.421651
SAH,0.0597970822959481,2022-11-24,247,2022-11-25 15:24:49.421651
KMX,0.059362998709651,2022-11-24,247,2022-11-25 15:24:49.421651
CHH,0.1060220998313263,2022-11-24,115,2022-11-25 15:24:52.970345
MCRI,0.0791771117485358,2022-11-24,115,2022-11-25 15:24:52.970345
WH,0.0777471603205046,2022-11-24,115,2022-11-25 15:24:52.970345
IHG,0.0722698572591834,2022-11-24,115,2022-11-25 15:24:52.970345
MAR,0.0679377051376498,2022-11-24,115,2022-11-25 15:24:52.970345
HLT,0.0678632833054854,2022-11-24,115,2022-11-25 15:24:52.970345
PLYA,0.0637524557051631,2022-11-24,115,2022-11-25 15:24:52.970345
H,0.0602934523607116,2022-11-24,115,2022-11-25 15:24:52.970345
VAC,0.0592556676531042,2022-11-24,115,2022-11-25 15:24:52.970345
HGV,0.0521464565271099,2022-11-24,115,2022-11-25 15:24:52.970345
RRR,0.0508504235473508,2022-11-24,115,2022-11-25 15:24:52.970345
LVS,0.0481157959540428,2022-11-24,115,2022-11-25 15:24:52.970345
TNL,0.0458014569501011,2022-11-24,115,2022-11-25 15:24:52.970345
HTHT,0.0392339552580116,2022-11-24,115,2022-11-25 15:24:52.970345
WYNN,0.0361057677312427,2022-11-24,115,2022-11-25 15:24:52.970345
MGM,0.0343230692081092,2022-11-24,115,2022-11-25 15:24:52.970345
MLCO,0.0282511209594799,2022-11-24,115,2022-11-25 15:24:52.970345
CZR,0.0108531605428868,2022-11-24,115,2022-11-25 15:24:52.970345
MCD,0.0833496096561901,2022-11-24,86,2022-11-25 15:24:56.793526
QSR,0.0714504585542089,2022-11-24,86,2022-11-25 15:24:56.793526
YUM,0.0690375210359452,2022-11-24,86,2022-11-25 15:24:56.793526
DPZ,0.0640396895089148,2022-11-24,86,2022-11-25 15:24:56.793526
ARCO,0.0635991563248511,2022-11-24,86,2022-11-25 15:24:56.793526
WEN,0.0596959592529663,2022-11-24,86,2022-11-25 15:24:56.793526
PZZA,0.0496086666067729,2022-11-24,86,2022-11-25 15:24:56.793526
SBUX,0.0491817272868339,2022-11-24,86,2022-11-25 15:24:56.793526
JACK,0.0477123515034372,2022-11-24,86,2022-11-25 15:24:56.793526
YUMC,0.0472880895443355,2022-11-24,86,2022-11-25 15:24:56.793526
CMG,0.0462065568462365,2022-11-24,86,2022-11-25 15:24:56.793526
CBRL,0.0426100329993256,2022-11-24,86,2022-11-25 15:24:56.793526
DENN,0.0412046059796551,2022-11-24,86,2022-11-25 15:24:56.793526
TXRH,0.0398599459719809,2022-11-24,86,2022-11-25 15:24:56.793526
DIN,0.0364388106547765,2022-11-24,86,2022-11-25 15:24:56.793526
BLMN,0.0336277477007505,2022-11-24,86,2022-11-25 15:24:56.793526
CAKE,0.0324676918841749,2022-11-24,86,2022-11-25 15:24:56.793526
PLAY,0.0314413440071455,2022-11-24,86,2022-11-25 15:24:56.793526
WING,0.0313650398371856,2022-11-24,86,2022-11-25 15:24:56.793526
SHAK,0.0313574083808836,2022-11-24,86,2022-11-25 15:24:56.793526
EAT,0.0284575864634283,2022-11-24,86,2022-11-25 15:24:56.793526
NEM,0.1491835185739987,2022-11-24,65,2022-11-25 15:24:59.637704
GOLD,0.1444367160527311,2022-11-24,65,2022-11-25 15:24:59.637704
SSRM,0.1383105025042184,2022-11-24,65,2022-11-25 15:24:59.637704
NG,0.1300383923970476,2022-11-24,65,2022-11-25 15:24:59.637704
KGC,0.1224809054697443,2022-11-24,65,2022-11-25 15:24:59.637704
AUY,0.1172314070521365,2022-11-24,65,2022-11-25 15:24:59.637704
HL,0.105939848224477,2022-11-24,65,2022-11-25 15:24:59.637704
CDE,0.0923787097256461,2022-11-24,65,2022-11-25 15:24:59.637704
BHP,0.3674250506129913,2022-11-24,250,2022-11-25 15:25:01.989136
SCCO,0.3607669761560682,2022-11-24,250,2022-11-25 15:25:01.989136
FCX,0.2718079732309406,2022-11-24,250,2022-11-25 15:25:01.989136
FISV,0.3,2022-11-24,90,2022-11-25 15:25:04.546008
WDAY,0.1646264758573661,2022-11-24,90,2022-11-25 15:25:04.546008
INTU,0.1256098658939431,2022-11-24,90,2022-11-25 15:25:04.546008
PYPL,0.096971389959748,2022-11-24,90,2022-11-25 15:25:04.546008
HOOD,0.0750180438322939,2022-11-24,90,2022-11-25 15:25:04.546008
NU,0.0650232378586296,2022-11-24,90,2022-11-25 15:25:04.546008
SOFI,0.0620336326687966,2022-11-24,90,2022-11-25 15:25:04.546008
NVEI,0.0345655517937227,2022-11-24,90,2022-11-25 15:25:04.546008
BILL,0.0271164066529519,2022-11-24,90,2022-11-25 15:25:04.546008
UPST,0.0155584420136722,2022-11-24,90,2022-11-25 15:25:04.546008
COIN,0.0120591070087666,2022-11-24,90,2022-11-25 15:25:04.546008
AFRM,0.0109451797341897,2022-11-24,90,2022-11-25 15:25:04.546008
SQ,0.0104726667259191,2022-11-24,90,2022-11-25 15:25:04.546008
NTCT,0.1524369488578043,2022-11-24,116,2022-11-25 15:25:07.962313
CHKP,0.1454040571320527,2022-11-24,116,2022-11-25 15:25:07.962313
CSCO,0.1328100315702391,2022-11-24,116,2022-11-25 15:25:07.962313
RDWR,0.0708658338443828,2022-11-24,116,2022-11-25 15:25:07.962313
FFIV,0.0691464831911086,2022-11-24,116,2022-11-25 15:25:07.962313
ATEN,0.0658928975314508,2022-11-24,116,2022-11-25 15:25:07.962313
QLYS,0.0473982966720657,2022-11-24,116,2022-11-25 15:25:07.962313
PANW,0.0465667191497595,2022-11-24,116,2022-11-25 15:25:07.962313
TENB,0.0380275069100473,2022-11-24,116,2022-11-25 15:25:07.962313
CYBR,0.0346738183787231,2022-11-24,116,2022-11-25 15:25:07.962313
FTNT,0.0338114940445188,2022-11-24,116,2022-11-25 15:25:07.962313
RPD,0.0337374782545553,2022-11-24,116,2022-11-25 15:25:07.962313
VRNS,0.0286509407369235,2022-11-24,116,2022-11-25 15:25:07.962313
CRWD,0.0259578362292991,2022-11-24,116,2022-11-25 15:25:07.962313
OKTA,0.023562959881819,2022-11-24,116,2022-11-25 15:25:07.962313
ZS,0.0196165974191724,2022-11-24,116,2022-11-25 15:25:07.962313
S,0.0185620873831938,2022-11-24,116,2022-11-25 15:25:07.962313
NET,0.0128780128128834,2022-11-24,116,2022-11-25 15:25:07.962313
ALEX,0.0682163291202497,2022-11-24,145,2022-11-25 15:25:10.619767
VICI,0.065527185155792,2022-11-24,145,2022-11-25 15:25:10.619767
BRSP,0.0646076801047528,2022-11-24,145,2022-11-25 15:25:10.619767
UE,0.062990688123875,2022-11-24,145,2022-11-25 15:25:10.619767
AHH,0.0622386929751559,2022-11-24,145,2022-11-25 15:25:10.619767
GOOD,0.0619721456207474,2022-11-24,145,2022-11-25 15:25:10.619767
ESRT,0.0613023973893127,2022-11-24,145,2022-11-25 15:25:10.619767
EPRT,0.0609934110521544,2022-11-24,145,2022-11-25 15:25:10.619767
SRC,0.0600210837247022,2022-11-24,145,2022-11-25 15:25:10.619767
BNL,0.0599021509732227,2022-11-24,145,2022-11-25 15:25:10.619767
AAT,0.0584676823804441,2022-11-24,145,2022-11-25 15:25:10.619767
STOR,0.0571140457016297,2022-11-24,145,2022-11-25 15:25:10.619767
GNL,0.0551805410059034,2022-11-24,145,2022-11-25 15:25:10.619767
WPC,0.0520522161849941,2022-11-24,145,2022-11-25 15:25:10.619767
STAR,0.050440203171367,2022-11-24,145,2022-11-25 15:25:10.619767
SAFE,0.0497232442123619,2022-11-24,145,2022-11-25 15:25:10.619767
DBRG,0.0492503031033341,2022-11-24,145,2022-11-25 15:25:10.619767
ARE,0.0681582346351646,2022-11-24,264,2022-11-25 15:25:13.858950
CIO,0.0594458427856679,2022-11-24,264,2022-11-25 15:25:13.858950
BXP,0.0590052450972691,2022-11-24,264,2022-11-25 15:25:13.858950
CUZ,0.0572860944015359,2022-11-24,264,2022-11-25 15:25:13.858950
PGRE,0.0572348429207808,2022-11-24,264,2022-11-25 15:25:13.858950
JBGS,0.0567568201559149,2022-11-24,264,2022-11-25 15:25:13.858950
BDN,0.0551046191428417,2022-11-24,264,2022-11-25 15:25:13.858950
DEI,0.0547240324840958,2022-11-24,264,2022-11-25 15:25:13.858950
KRC,0.054639440438987,2022-11-24,264,2022-11-25 15:25:13.858950
VNO,0.053115877790224,2022-11-24,264,2022-11-25 15:25:13.858950
HIW,0.052802126371177,2022-11-24,264,2022-11-25 15:25:13.858950
SLG,0.0522803229873388,2022-11-24,264,2022-11-25 15:25:13.858950
PDM,0.0522604090927359,2022-11-24,264,2022-11-25 15:25:13.858950
OPI,0.0520120945623366,2022-11-24,264,2022-11-25 15:25:13.858950
HPP,0.0503238711098441,2022-11-24,264,2022-11-25 15:25:13.858950
FSP,0.0495708298496734,2022-11-24,264,2022-11-25 15:25:13.858950
ONL,0.0472259776503501,2022-11-24,264,2022-11-25 15:25:13.858950
OFC,0.0402401995013146,2022-11-24,264,2022-11-25 15:25:13.858950
DEA,0.0178131190227467,2022-11-24,264,2022-11-25 15:25:13.858950
EQC,0.01,2022-11-24,264,2022-11-25 15:25:13.858950
SONY,0.2944793710258324,2022-11-24,272,2022-11-25 15:25:16.772549
MSFT,0.2200534295379938,2022-11-24,272,2022-11-25 15:25:16.772549
QCOM,0.1431186998035696,2022-11-24,272,2022-11-25 15:25:16.772549
BABA,0.0995905366975441,2022-11-24,272,2022-11-25 15:25:16.772549
BIDU,0.0955694199715452,2022-11-24,272,2022-11-25 15:25:16.772549
NVDA,0.0588712197225798,2022-11-24,272,2022-11-25 15:25:16.772549
SNAP,0.0578672739789369,2022-11-24,272,2022-11-25 15:25:16.772549
U,0.0304500492619979,2022-11-24,272,2022-11-25 15:25:16.772549
WAB,0.1377608678019758,2022-11-24,274,2022-11-25 15:25:19.404034
CNI,0.1350950981617152,2022-11-24,274,2022-11-25 15:25:19.404034
CSX,0.1294710252165432,2022-11-24,274,2022-11-25 15:25:19.404034
CP,0.1274593175284587,2022-11-24,274,2022-11-25 15:25:19.404034
UNP,0.1273697498244668,2022-11-24,274,2022-11-25 15:25:19.404034
NSC,0.1258266620339997,2022-11-24,274,2022-11-25 15:25:19.404034
TRN,0.115176047292295,2022-11-24,274,2022-11-25 15:25:19.404034
GBX,0.1018412321405452,2022-11-24,274,2022-11-25 15:25:19.404034
DDD,0.3,2022-11-24,240,2022-11-25 15:25:21.477572
SSYS,0.3,2022-11-24,240,2022-11-25 15:25:21.477572
DM,0.2181970014933552,2022-11-24,240,2022-11-25 15:25:21.477572
VLD,0.1818029985066447,2022-11-24,240,2022-11-25 15:25:21.477572
ACEL,0.1483215551063367,2022-11-24,257,2022-11-25 15:25:24.479510
MCRI,0.1125634751340233,2022-11-24,257,2022-11-25 15:25:24.479510
BYD,0.0940274158657575,2022-11-24,257,2022-11-25 15:25:24.479510
CHDN,0.0772842997388911,2022-11-24,257,2022-11-25 15:25:24.479510
RRR,0.0722327300964878,2022-11-24,257,2022-11-25 15:25:24.479510
EVRI,0.0709119392698222,2022-11-24,257,2022-11-25 15:25:24.479510
LVS,0.0678272722667741,2022-11-24,257,2022-11-25 15:25:24.479510
GDEN,0.0673626579938959,2022-11-24,257,2022-11-25 15:25:24.479510
MGM,0.049077620838031,2022-11-24,257,2022-11-25 15:25:24.479510
WYNN,0.0483969830275923,2022-11-24,257,2022-11-25 15:25:24.479510
BALY,0.0476621258371033,2022-11-24,257,2022-11-25 15:25:24.479510
MLCO,0.0357119652924961,2022-11-24,257,2022-11-25 15:25:24.479510
PENN,0.0334027398589892,2022-11-24,257,2022-11-25 15:25:24.479510
IGT,0.026471591064133,2022-11-24,257,2022-11-25 15:25:24.479510
RSI,0.0258872648620743,2022-11-24,257,2022-11-25 15:25:24.479510
CZR,0.0115041882724794,2022-11-24,257,2022-11-25 15:25:24.479510
DKNG,0.0113541754751121,2022-11-24,257,2022-11-25 15:25:24.479510
VMW,0.3,2022-11-24,260,2022-11-25 15:25:26.625817
SWI,0.2259727626628466,2022-11-24,260,2022-11-25 15:25:26.625817
NEWR,0.1888233767680114,2022-11-24,260,2022-11-25 15:25:26.625817
DT,0.1784297224628455,2022-11-24,260,2022-11-25 15:25:26.625817
DDOG,0.1067741381062963,2022-11-24,260,2022-11-25 15:25:26.625817
IIPR,0.063324804475751,2022-11-24,263,2022-11-25 15:25:29.814902
LXP,0.0610245768430453,2022-11-24,263,2022-11-25 15:25:29.814902
STAG,0.0609767680586904,2022-11-24,263,2022-11-25 15:25:29.814902
COLD,0.0607962307119042,2022-11-24,263,2022-11-25 15:25:29.814902
LAND,0.060366231931613,2022-11-24,263,2022-11-25 15:25:29.814902
TRNO,0.0597930900630295,2022-11-24,263,2022-11-25 15:25:29.814902
FR,0.0592770123378577,2022-11-24,263,2022-11-25 15:25:29.814902
PLD,0.0590331203688862,2022-11-24,263,2022-11-25 15:25:29.814902
EGP,0.0588859287275073,2022-11-24,263,2022-11-25 15:25:29.814902
REXR,0.0588142377003421,2022-11-24,263,2022-11-25 15:25:29.814902
PLYM,0.0585692200386787,2022-11-24,263,2022-11-25 15:25:29.814902
PSA,0.0582732791485167,2022-11-24,263,2022-11-25 15:25:29.814902
CUBE,0.058146736409221,2022-11-24,263,2022-11-25 15:25:29.814902
LSI,0.0581256787953678,2022-11-24,263,2022-11-25 15:25:29.814902
EXR,0.0578500154669241,2022-11-24,263,2022-11-25 15:25:29.814902
NSA,0.0562508386915298,2022-11-24,263,2022-11-25 15:25:29.814902
ILPT,0.0504922302311344,2022-11-24,263,2022-11-25 15:25:29.814902
SPG,0.0549549791883144,2022-11-24,266,2022-11-25 15:25:33.495789
KIM,0.0541974233121049,2022-11-24,266,2022-11-25 15:25:33.495789
ROIC,0.0530275652958088,2022-11-24,266,2022-11-25 15:25:33.495789
REG,0.0525975130684485,2022-11-24,266,2022-11-25 15:25:33.495789
BRX,0.0525720775224895,2022-11-24,266,2022-11-25 15:25:33.495789
FRT,0.0525533791022425,2022-11-24,266,2022-11-25 15:25:33.495789
SITC,0.0509095745968298,2022-11-24,266,2022-11-25 15:25:33.495789
WSR,0.0508172788578948,2022-11-24,266,2022-11-25 15:25:33.495789
SKT,0.0504778292223862,2022-11-24,266,2022-11-25 15:25:33.495789
KRG,0.0499343649460296,2022-11-24,266,2022-11-25 15:25:33.495789
AKR,0.0496564889703174,2022-11-24,266,2022-11-25 15:25:33.495789
UBA,0.0493751289649394,2022-11-24,266,2022-11-25 15:25:33.495789
RPT,0.04902817550393,2022-11-24,266,2022-11-25 15:25:33.495789
PECO,0.0483759630585936,2022-11-24,266,2022-11-25 15:25:33.495789
MAC,0.0471652060023762,2022-11-24,266,2022-11-25 15:25:33.495789
NTST,0.0460005895893909,2022-11-24,266,2022-11-25 15:25:33.495789
NNN,0.0444855985405053,2022-11-24,266,2022-11-25 15:25:33.495789
O,0.0408280247877577,2022-11-24,266,2022-11-25 15:25:33.495789
GTY,0.0404509332344637,2022-11-24,266,2022-11-25 15:25:33.495789
SRG,0.0368780263070256,2022-11-24,266,2022-11-25 15:25:33.495789
ADC,0.0257138799281502,2022-11-24,266,2022-11-25 15:25:33.495789
PPC,0.2323859018348772,2022-11-24,254,2022-11-25 15:25:35.797527
LAND,0.2109669463667908,2022-11-24,254,2022-11-25 15:25:35.797527
BG,0.1912531210940387,2022-11-24,254,2022-11-25 15:25:35.797527
CALM,0.1848944162345029,2022-11-24,254,2022-11-25 15:25:35.797527
CVGW,0.1804996144697902,2022-11-24,254,2022-11-25 15:25:35.797527
PYPL,0.5766925998624288,2022-11-24,269,2022-11-25 15:25:37.657310
GTLB,0.2377597877069885,2022-11-24,269,2022-11-25 15:25:37.657310
AFRM,0.1855476124305825,2022-11-24,269,2022-11-25 15:25:37.657310
NMR,0.1601533528968206,2022-11-24,87,2022-11-25 15:25:40.425504
FNF,0.1321923691853317,2022-11-24,87,2022-11-25 15:25:40.425504
GS,0.1289961886044157,2022-11-24,87,2022-11-25 15:25:40.425504
MS,0.1166210671598219,2022-11-24,87,2022-11-25 15:25:40.425504
IBKR,0.113811173197372,2022-11-24,87,2022-11-25 15:25:40.425504
SCHW,0.1062401664717181,2022-11-24,87,2022-11-25 15:25:40.425504
LPLA,0.0991754336229212,2022-11-24,87,2022-11-25 15:25:40.425504
XP,0.0819722960415781,2022-11-24,87,2022-11-25 15:25:40.425504
HOOD,0.0608379528200204,2022-11-24,87,2022-11-25 15:25:40.425504
CMC,0.1989118290694322,2022-11-24,162,2022-11-25 15:25:43.096842
STLD,0.1724971394175878,2022-11-24,162,2022-11-25 15:25:43.096842
NUE,0.1634587377161749,2022-11-24,162,2022-11-25 15:25:43.096842
SCHN,0.1320726217922193,2022-11-24,162,2022-11-25 15:25:43.096842
X,0.1192089646537562,2022-11-24,162,2022-11-25 15:25:43.096842
CLF,0.1076128587557406,2022-11-24,162,2022-11-25 15:25:43.096842
TMST,0.1062378485950888,2022-11-24,162,2022-11-25 15:25:43.096842
IBM,0.3,2022-11-24,59,2022-11-25 15:25:45.327519
ORCL,0.281566004351537,2022-11-24,59,2022-11-25 15:25:45.327519
SAP,0.2424739387187759,2022-11-24,59,2022-11-25 15:25:45.327519
SNOW,0.0955103713928528,2022-11-24,59,2022-11-25 15:25:45.327519
MDB,0.0804496855368342,2022-11-24,59,2022-11-25 15:25:45.327519
CAN,0.3,2022-11-24,252,2022-11-25 15:25:52.422836
RIOT,0.2548902726724302,2022-11-24,252,2022-11-25 15:25:52.422836
HUT,0.2451098989345539,2022-11-24,252,2022-11-25 15:25:52.422836
MARA,0.1999998283930158,2022-11-24,252,2022-11-25 15:25:52.422836
CRM,0.3,2022-11-24,207,2022-11-25 15:25:54.905414
SAP,0.2999999999999999,2022-11-24,207,2022-11-25 15:25:54.905414
BIGC,0.2114430902756784,2022-11-24,207,2022-11-25 15:25:54.905414
SHOP,0.1885569097243215,2022-11-24,207,2022-11-25 15:25:54.905414
ZTS,0.085841478531658,2022-11-24,259,2022-11-25 15:25:59.126567
SYK,0.0855724817135678,2022-11-24,259,2022-11-25 15:25:59.126567
TMO,0.0850709482311692,2022-11-24,259,2022-11-25 15:25:59.126567
ABT,0.0848825136566762,2022-11-24,259,2022-11-25 15:25:59.126567
ISRG,0.0831400580697231,2022-11-24,259,2022-11-25 15:25:59.126567
DHR,0.082773443010724,2022-11-24,259,2022-11-25 15:25:59.126567
CVS,0.0697724183126295,2022-11-24,259,2022-11-25 15:25:59.126567
MDT,0.0625149695022168,2022-11-24,259,2022-11-25 15:25:59.126567
UNH,0.0564417017135937,2022-11-24,259,2022-11-25 15:25:59.126567
CI,0.0556846845648143,2022-11-24,259,2022-11-25 15:25:59.126567
PFE,0.0516779322123792,2022-11-24,259,2022-11-25 15:25:59.126567
BDX,0.0514941466174677,2022-11-24,259,2022-11-25 15:25:59.126567
GILD,0.0500858515742015,2022-11-24,259,2022-11-25 15:25:59.126567
LLY,0.0450473722891782,2022-11-24,259,2022-11-25 15:25:59.126567
MRK,0.01,2022-11-24,259,2022-11-25 15:25:59.126567
BMY,0.01,2022-11-24,259,2022-11-25 15:25:59.126567
JNJ,0.01,2022-11-24,259,2022-11-25 15:25:59.126567
AMGN,0.01,2022-11-24,259,2022-11-25 15:25:59.126567
ABBV,0.01,2022-11-24,259,2022-11-25 15:25:59.126567
IBKR,0.634519876657292,2022-11-24,251,2022-11-25 15:26:01.108328
HOOD,0.219808169539111,2022-11-24,251,2022-11-25 15:26:01.108328
COIN,0.1456719538035969,2022-11-24,251,2022-11-25 15:26:01.108328
IBM,0.191302435922886,2022-11-24,83,2022-11-25 15:26:04.380628
CSCO,0.0947093792451743,2022-11-24,83,2022-11-25 15:26:04.380628
ORCL,0.0885898102543488,2022-11-24,83,2022-11-25 15:26:04.380628
GOOG,0.0712728639544395,2022-11-24,83,2022-11-25 15:26:04.380628
TXN,0.0627577024674573,2022-11-24,83,2022-11-25 15:26:04.380628
BABA,0.0544924201893522,2022-11-24,83,2022-11-25 15:26:04.380628
TSM,0.0540238713864993,2022-11-24,83,2022-11-25 15:26:04.380628
AMZN,0.0479487896130505,2022-11-24,83,2022-11-25 15:26:04.380628
INTC,0.0459072810216584,2022-11-24,83,2022-11-25 15:26:04.380628
MSFT,0.0455289191538252,2022-11-24,83,2022-11-25 15:26:04.380628
AVGO,0.0444371269454346,2022-11-24,83,2022-11-25 15:26:04.380628
AAPL,0.0434359996506011,2022-11-24,83,2022-11-25 15:26:04.380628
ADBE,0.0359124928019503,2022-11-24,83,2022-11-25 15:26:04.380628
CRM,0.0343430905574653,2022-11-24,83,2022-11-25 15:26:04.380628
QCOM,0.0340865725714902,2022-11-24,83,2022-11-25 15:26:04.380628
ASML,0.0197198704990577,2022-11-24,83,2022-11-25 15:26:04.380628
AMD,0.0167305988343406,2022-11-24,83,2022-11-25 15:26:04.380628
NVDA,0.0148007749309681,2022-11-24,83,2022-11-25 15:26:04.380628
EA,0.2006398897938292,2022-11-24,271,2022-11-25 15:26:07.130874
ATVI,0.1823875267023423,2022-11-24,271,2022-11-25 15:26:07.130874
SCPL,0.153632601811234,2022-11-24,271,2022-11-25 15:26:07.130874
TTWO,0.1405015590705259,2022-11-24,271,2022-11-25 15:26:07.130874
NTES,0.100176607324446,2022-11-24,271,2022-11-25 15:26:07.130874
PLTK,0.0931582619560822,2022-11-24,271,2022-11-25 15:26:07.130874
RBLX,0.0690718583171822,2022-11-24,271,2022-11-25 15:26:07.130874
HUYA,0.0604316950243579,2022-11-24,271,2022-11-25 15:26:07.130874
SXC,0.2101879197356832,2022-11-24,248,2022-11-25 15:26:09.435371
ARLP,0.1762842860966688,2022-11-24,248,2022-11-25 15:26:09.435371
HCC,0.1563092641494838,2022-11-24,248,2022-11-25 15:26:09.435371
CEIX,0.1256948962579751,2022-11-24,248,2022-11-25 15:26:09.435371
ARCH,0.1221598128416583,2022-11-24,248,2022-11-25 15:26:09.435371
METC,0.110672843782307,2022-11-24,248,2022-11-25 15:26:09.435371
BTU,0.0986909771362235,2022-11-24,248,2022-11-25 15:26:09.435371
BEPC,0.1415130566093474,2022-11-24,107,2022-11-25 15:26:12.139035
CWEN,0.1343030966869142,2022-11-24,107,2022-11-25 15:26:12.139035
AY,0.1305301588385783,2022-11-24,107,2022-11-25 15:26:12.139035
ORA,0.1158972301963632,2022-11-24,107,2022-11-25 15:26:12.139035
FSLR,0.0848250488461335,2022-11-24,107,2022-11-25 15:26:12.139035
JKS,0.0647755790789682,2022-11-24,107,2022-11-25 15:26:12.139035
CSIQ,0.0635312173831083,2022-11-24,107,2022-11-25 15:26:12.139035
SEDG,0.0538400006499456,2022-11-24,107,2022-11-25 15:26:12.139035
ENPH,0.0530963624677665,2022-11-24,107,2022-11-25 15:26:12.139035
PLUG,0.0433534377967339,2022-11-24,107,2022-11-25 15:26:12.139035
RUN,0.0395925011731499,2022-11-24,107,2022-11-25 15:26:12.139035
NOVA,0.0381132799848317,2022-11-24,107,2022-11-25 15:26:12.139035
FLNC,0.0366290302881585,2022-11-24,107,2022-11-25 15:26:12.139035
BP,0.1158795579947958,2022-11-24,134,2022-11-25 15:26:15.593160
CVX,0.1065354542214417,2022-11-24,134,2022-11-25 15:26:15.593160
XOM,0.0971180089667065,2022-11-24,134,2022-11-25 15:26:15.593160
EQT,0.0966016259321822,2022-11-24,134,2022-11-25 15:26:15.593160
HES,0.0903484691139621,2022-11-24,134,2022-11-25 15:26:15.593160
COP,0.0876291877441492,2022-11-24,134,2022-11-25 15:26:15.593160
OXY,0.0853379506145223,2022-11-24,134,2022-11-25 15:26:15.593160
EOG,0.0833721740707889,2022-11-24,134,2022-11-25 15:26:15.593160
DVN,0.0814515003947002,2022-11-24,134,2022-11-25 15:26:15.593160
MRO,0.0783065028904359,2022-11-24,134,2022-11-25 15:26:15.593160
OVV,0.0774195680563148,2022-11-24,134,2022-11-25 15:26:15.593160
BKNG,0.1927056578947545,2022-11-24,173,2022-11-25 15:26:18.191542
TRIP,0.1678293824158484,2022-11-24,173,2022-11-25 15:26:18.191542
MMYT,0.1619134438983772,2022-11-24,173,2022-11-25 15:26:18.191542
EXPE,0.1460904528043961,2022-11-24,173,2022-11-25 15:26:18.191542
TCOM,0.1450745701881881,2022-11-24,173,2022-11-25 15:26:18.191542
ABNB,0.1105799702547268,2022-11-24,173,2022-11-25 15:26:18.191542
SOND,0.0758065225437087,2022-11-24,173,2022-11-25 15:26:18.191542
JCI,0.1334990923682615,2022-11-24,244,2022-11-25 15:26:21.248088
AGX,0.1123001059341332,2022-11-24,244,2022-11-25 15:26:21.248088
GLDD,0.1014613058766052,2022-11-24,244,2022-11-25 15:26:21.248088
GVA,0.0984138353504725,2022-11-24,244,2022-11-25 15:26:21.248088
STRL,0.095468610900968,2022-11-24,244,2022-11-25 15:26:21.248088
MTZ,0.0929356715678264,2022-11-24,244,2022-11-25 15:26:21.248088
ROAD,0.0924610623125537,2022-11-24,244,2022-11-25 15:26:21.248088
FLR,0.0914766573953282,2022-11-24,244,2022-11-25 15:26:21.248088
TPC,0.0913602107767429,2022-11-24,244,2022-11-25 15:26:21.248088
PRIM,0.0906234475171081,2022-11-24,244,2022-11-25 15:26:21.248088
LUV,0.142634134699186,2022-11-24,19,2022-11-25 15:26:24.009252
RYAAY,0.1220645862591463,2022-11-24,19,2022-11-25 15:26:24.009252
SAVE,0.1181904507575171,2022-11-24,19,2022-11-25 15:26:24.009252
ALK,0.1042066608364838,2022-11-24,19,2022-11-25 15:26:24.009252
SKYW,0.1025069595836971,2022-11-24,19,2022-11-25 15:26:24.009252
DAL,0.0818844757765198,2022-11-24,19,2022-11-25 15:26:24.009252
JBLU,0.0681022797657603,2022-11-24,19,2022-11-25 15:26:24.009252
HA,0.0677331909630151,2022-11-24,19,2022-11-25 15:26:24.009252
UAL,0.0659946766321216,2022-11-24,19,2022-11-25 15:26:24.009252
ULCC,0.0656933059562985,2022-11-24,19,2022-11-25 15:26:24.009252
AAL,0.060989278770254,2022-11-24,19,2022-11-25 15:26:24.009252
AZN,0.2559713727902694,2022-11-24,140,2022-11-25 15:26:26.292569
PFE,0.2413590181946839,2022-11-24,140,2022-11-25 15:26:26.292569
JNJ,0.2144203822412068,2022-11-24,140,2022-11-25 15:26:26.292569
BNTX,0.1089470501648475,2022-11-24,140,2022-11-25 15:26:26.292569
MRNA,0.1049504221799815,2022-11-24,140,2022-11-25 15:26:26.292569
NVAX,0.0743517544290108,2022-11-24,140,2022-11-25 15:26:26.292569
FMC,0.1621401312722084,2022-11-24,16,2022-11-25 15:26:28.917187
CTVA,0.1450765917230665,2022-11-24,16,2022-11-25 15:26:28.917187
AVD,0.1382282581881447,2022-11-24,16,2022-11-25 15:26:28.917187
AGRO,0.1310535527172773,2022-11-24,16,2022-11-25 15:26:28.917187
NTR,0.0933698585612373,2022-11-24,16,2022-11-25 15:26:28.917187
UAN,0.0915072228677157,2022-11-24,16,2022-11-25 15:26:28.917187
MOS,0.088656348995974,2022-11-24,16,2022-11-25 15:26:28.917187
CF,0.0847503742729338,2022-11-24,16,2022-11-25 15:26:28.917187
IPI,0.0652176614014421,2022-11-24,16,2022-11-25 15:26:28.917187
IBM,0.3,2022-11-24,245,2022-11-25 15:26:31.126136
ORCL,0.2313099352797084,2022-11-24,245,2022-11-25 15:26:31.126136
SAP,0.2011553688465419,2022-11-24,245,2022-11-25 15:26:31.126136
AYX,0.1008782531378142,2022-11-24,245,2022-11-25 15:26:31.126136
SPLK,0.0995283626033324,2022-11-24,245,2022-11-25 15:26:31.126136
DOMO,0.067128080132603,2022-11-24,245,2022-11-25 15:26:31.126136
VRE,0.0801267444229488,2022-11-24,265,2022-11-25 15:26:33.962276
AIV,0.0765614370019779,2022-11-24,265,2022-11-25 15:26:33.962276
UMH,0.0695653964401497,2022-11-24,265,2022-11-25 15:26:33.962276
INVH,0.0661982916850773,2022-11-24,265,2022-11-25 15:26:33.962276
SUI,0.0643092243647587,2022-11-24,265,2022-11-25 15:26:33.962276
AMH,0.0639964791878647,2022-11-24,265,2022-11-25 15:26:33.962276
IRT,0.0625800676892419,2022-11-24,265,2022-11-25 15:26:33.962276
ELS,0.0603152996273277,2022-11-24,265,2022-11-25 15:26:33.962276
EQR,0.0600306789545668,2022-11-24,265,2022-11-25 15:26:33.962276
UDR,0.059425952900011,2022-11-24,265,2022-11-25 15:26:33.962276
AIRC,0.0584857842592642,2022-11-24,265,2022-11-25 15:26:33.962276
MAA,0.0573771823642264,2022-11-24,265,2022-11-25 15:26:33.962276
AVB,0.0568576013697099,2022-11-24,265,2022-11-25 15:26:33.962276
NXRT,0.0566760599061913,2022-11-24,265,2022-11-25 15:26:33.962276
ESS,0.0549651061925705,2022-11-24,265,2022-11-25 15:26:33.962276
CPT,0.0525286936341125,2022-11-24,265,2022-11-25 15:26:33.962276
CRON,0.3,2022-11-24,243,2022-11-25 15:26:36.081344
TLRY,0.2593843897246792,2022-11-24,243,2022-11-25 15:26:36.081344
ACB,0.2406903603200687,2022-11-24,243,2022-11-25 15:26:36.081344
CGC,0.1999252499552519,2022-11-24,243,2022-11-25 15:26:36.081344
ROG,0.2132060442256384,2022-11-24,217,2022-11-25 15:26:38.374761
HXL,0.2121277819983749,2022-11-24,217,2022-11-25 15:26:38.374761
HUN,0.1997993842327612,2022-11-24,217,2022-11-25 15:26:38.374761
TSE,0.1314252829382935,2022-11-24,217,2022-11-25 15:26:38.374761
PCT,0.1229624568784301,2022-11-24,217,2022-11-25 15:26:38.374761
AVNT,0.1204790497265018,2022-11-24,217,2022-11-25 15:26:38.374761
BEEM,0.2626482846560737,2022-11-24,230,2022-11-25 15:26:40.505225
EVGO,0.2594336688711488,2022-11-24,230,2022-11-25 15:26:40.505225
BLNK,0.2551134775756467,2022-11-24,230,2022-11-25 15:26:40.505225
CHPT,0.2228045688971305,2022-11-24,230,2022-11-25 15:26:40.505225
SWCH,0.1338852916979285,2022-11-24,210,2022-11-25 15:26:43.646522
NTCT,0.0715178019841941,2022-11-24,210,2022-11-25 15:26:43.646522
CSCO,0.0685906312857226,2022-11-24,210,2022-11-25 15:26:43.646522
AKAM,0.0681163205637399,2022-11-24,210,2022-11-25 15:26:43.646522
JNPR,0.0558511108563275,2022-11-24,210,2022-11-25 15:26:43.646522
VIAV,0.0495496754754128,2022-11-24,210,2022-11-25 15:26:43.646522
VRSN,0.0489789661858084,2022-11-24,210,2022-11-25 15:26:43.646522
GDDY,0.0485727305553233,2022-11-24,210,2022-11-25 15:26:43.646522
RDWR,0.0484600327438711,2022-11-24,210,2022-11-25 15:26:43.646522
NTGR,0.0478405525411516,2022-11-24,210,2022-11-25 15:26:43.646522
FFIV,0.0465224882182373,2022-11-24,210,2022-11-25 15:26:43.646522
LITE,0.0454289552112368,2022-11-24,210,2022-11-25 15:26:43.646522
ATEN,0.045119908675012,2022-11-24,210,2022-11-25 15:26:43.646522
UI,0.0443757093222839,2022-11-24,210,2022-11-25 15:26:43.646522
CIEN,0.0415603606474288,2022-11-24,210,2022-11-25 15:26:43.646522
ANET,0.0402552270356061,2022-11-24,210,2022-11-25 15:26:43.646522
FTNT,0.0321601806464161,2022-11-24,210,2022-11-25 15:26:43.646522
RXT,0.0232534542762163,2022-11-24,210,2022-11-25 15:26:43.646522
GDS,0.0223574894800944,2022-11-24,210,2022-11-25 15:26:43.646522
NET,0.0176031125979878,2022-11-24,210,2022-11-25 15:26:43.646522
E,0.0799173837992924,2022-11-24,92,2022-11-25 15:26:46.980265
TTE,0.0667702756601954,2022-11-24,92,2022-11-25 15:26:46.980265
MPC,0.0651450621000116,2022-11-24,92,2022-11-25 15:26:46.980265
BP,0.0605982886887483,2022-11-24,92,2022-11-25 15:26:46.980265
PSX,0.0581567224486472,2022-11-24,92,2022-11-25 15:26:46.980265
CTRA,0.0546127281964175,2022-11-24,92,2022-11-25 15:26:46.980265
OXY,0.0529537397084004,2022-11-24,92,2022-11-25 15:26:46.980265
HES,0.0525599655918025,2022-11-24,92,2022-11-25 15:26:46.980265
DVN,0.0523547213626171,2022-11-24,92,2022-11-25 15:26:46.980265
PXD,0.051304563929935,2022-11-24,92,2022-11-25 15:26:46.980265
FANG,0.0509275111421681,2022-11-24,92,2022-11-25 15:26:46.980265
CVX,0.0503837683134011,2022-11-24,92,2022-11-25 15:26:46.980265
MRO,0.0490044538800202,2022-11-24,92,2022-11-25 15:26:46.980265
COP,0.0476562729666286,2022-11-24,92,2022-11-25 15:26:46.980265
VLO,0.0455250698218136,2022-11-24,92,2022-11-25 15:26:46.980265
EOG,0.0449085044866875,2022-11-24,92,2022-11-25 15:26:46.980265
PBR,0.0428177047436876,2022-11-24,92,2022-11-25 15:26:46.980265
XOM,0.0408758793851805,2022-11-24,92,2022-11-25 15:26:46.980265
PBR-A,0.0335273837743443,2022-11-24,92,2022-11-25 15:26:46.980265
TSLA,0.1825149347966588,2022-11-24,253,2022-11-25 15:26:49.292641
FSR,0.1636358850060826,2022-11-24,253,2022-11-25 15:26:49.292641
NKLA,0.1306777175813671,2022-11-24,253,2022-11-25 15:26:49.292641
XPEV,0.1234655713579779,2022-11-24,253,2022-11-25 15:26:49.292641
LCID,0.1103053597701562,2022-11-24,253,2022-11-25 15:26:49.292641
GOEV,0.1047244209330809,2022-11-24,253,2022-11-25 15:26:49.292641
RIVN,0.093251833018571,2022-11-24,253,2022-11-25 15:26:49.292641
NIO,0.0914242775361053,2022-11-24,253,2022-11-25 15:26:49.292641
RGR,0.3,2022-11-24,255,2022-11-25 15:26:51.446204
VSTO,0.2593487104698876,2022-11-24,255,2022-11-25 15:26:51.446204
SWBI,0.230172805599551,2022-11-24,255,2022-11-25 15:26:51.446204
POWW,0.2104784839305613,2022-11-24,255,2022-11-25 15:26:51.446204
WBA,0.1061930121740506,2022-11-24,256,2022-11-25 15:26:54.919838
DG,0.1055410425938534,2022-11-24,256,2022-11-25 15:26:54.919838
COST,0.1046670236708363,2022-11-24,256,2022-11-25 15:26:54.919838
PSMT,0.099523108225238,2022-11-24,256,2022-11-25 15:26:54.919838
UNFI,0.0987360706077868,2022-11-24,256,2022-11-25 15:26:54.919838
TGT,0.0963500434956835,2022-11-24,256,2022-11-25 15:26:54.919838
DLTR,0.0886696737332147,2022-11-24,256,2022-11-25 15:26:54.919838
SPTN,0.0764052372905222,2022-11-24,256,2022-11-25 15:26:54.919838
SFM,0.0753013620677779,2022-11-24,256,2022-11-25 15:26:54.919838
ACI,0.0687749386760758,2022-11-24,256,2022-11-25 15:26:54.919838
WMT,0.0417758099903229,2022-11-24,256,2022-11-25 15:26:54.919838
KR,0.0380626774746375,2022-11-24,256,2022-11-25 15:26:54.919838
AWK,0.1200187183558725,2022-11-24,270,2022-11-25 15:26:59.163749
NEE,0.1154121971160258,2022-11-24,270,2022-11-25 15:26:59.163749
PPL,0.1078165098244882,2022-11-24,270,2022-11-25 15:26:59.163749
EIX,0.1008493789263283,2022-11-24,270,2022-11-25 15:26:59.163749
AEP,0.0651060817241237,2022-11-24,270,2022-11-25 15:26:59.163749
ETR,0.0585140907669021,2022-11-24,270,2022-11-25 15:26:59.163749
XEL,0.057794512395328,2022-11-24,270,2022-11-25 15:26:59.163749
FE,0.0563629068522778,2022-11-24,270,2022-11-25 15:26:59.163749
AEE,0.0531000661093697,2022-11-24,270,2022-11-25 15:26:59.163749
ES,0.0509662918368608,2022-11-24,270,2022-11-25 15:26:59.163749
DTE,0.0506677072544694,2022-11-24,270,2022-11-25 15:26:59.163749
SO,0.0384114211053124,2022-11-24,270,2022-11-25 15:26:59.163749
WEC,0.0367870582192818,2022-11-24,270,2022-11-25 15:26:59.163749
D,0.0360339106687333,2022-11-24,270,2022-11-25 15:26:59.163749
ED,0.0268785323465411,2022-11-24,270,2022-11-25 15:26:59.163749
DUK,0.0252806164980845,2022-11-24,270,2022-11-25 15:26:59.163749
IAC,0.3,2022-11-24,268,2022-11-25 15:27:01.659162
BIDU,0.2244738386350359,2022-11-24,268,2022-11-25 15:27:01.659162
MTCH,0.2027596586179521,2022-11-24,268,2022-11-25 15:27:01.659162
PINS,0.1514772214063149,2022-11-24,268,2022-11-25 15:27:01.659162
SNAP,0.1212892813406968,2022-11-24,268,2022-11-25 15:27:01.659162
WPM,0.1807988911804102,2022-11-24,267,2022-11-25 15:27:04.299471
BVN,0.1474766766629616,2022-11-24,267,2022-11-25 15:27:04.299471
AUY,0.1459185351035863,2022-11-24,267,2022-11-25 15:27:04.299471
HL,0.1121684592192222,2022-11-24,267,2022-11-25 15:27:04.299471
AG,0.1112614282059202,2022-11-24,267,2022-11-25 15:27:04.299471
FSM,0.1049843688068063,2022-11-24,267,2022-11-25 15:27:04.299471
EXK,0.0997102763930353,2022-11-24,267,2022-11-25 15:27:04.299471
CDE,0.0976813644280576,2022-11-24,267,2022-11-25 15:27:04.299471
ZWS,0.2002729208765779,2022-11-24,273,2022-11-25 15:27:06.678078
AWK,0.1827642166169603,2022-11-24,273,2022-11-25 15:27:06.678078
WTRG,0.1791743506598071,2022-11-24,273,2022-11-25 15:27:06.678078
MSEX,0.1487763740172994,2022-11-24,273,2022-11-25 15:27:06.678078
CWT,0.1475718243701431,2022-11-24,273,2022-11-25 15:27:06.678078
AWR,0.1414403134592119,2022-11-24,273,2022-11-25 15:27:06.678078
LMT,0.102964603364876,2022-11-24,241,2022-11-25 15:27:09.584502
HEI,0.1028971798441169,2022-11-24,241,2022-11-25 15:27:09.584502
RTX,0.1027420775981921,2022-11-24,241,2022-11-25 15:27:09.584502
NOC,0.1026706477779456,2022-11-24,241,2022-11-25 15:27:09.584502
ESLT,0.0994605820400865,2022-11-24,241,2022-11-25 15:27:09.584502
TXT,0.0964583750846268,2022-11-24,241,2022-11-25 15:27:09.584502
HWM,0.0948623516060946,2022-11-24,241,2022-11-25 15:27:09.584502
TDG,0.0927662940770062,2022-11-24,241,2022-11-25 15:27:09.584502
BA,0.0812887449644941,2022-11-24,241,2022-11-25 15:27:09.584502
MAXR,0.0635696985467277,2022-11-24,241,2022-11-25 15:27:09.584502
SPCE,0.0603194450958333,2022-11-24,241,2022-11-25 15:27:09.584502
QS,0.5643583519335351,2022-11-24,242,2022-11-25 15:27:11.564860
MVST,0.4356416480664649,2022-11-24,242,2022-11-25 15:27:11.564860
UNH,0.2205616913524639,2022-11-24,258,2022-11-25 15:27:13.836780
CI,0.2168765113330796,2022-11-24,258,2022-11-25 15:27:13.836780
HUM,0.1965883881870457,2022-11-24,258,2022-11-25 15:27:13.836780
CNC,0.1835986753689248,2022-11-24,258,2022-11-25 15:27:13.836780
MOH,0.1823747337584859,2022-11-24,258,2022-11-25 15:27:13.836780
ALSN,0.1338753618299892,2022-11-24,246,2022-11-25 15:27:17.315928
PLOW,0.1208091387792891,2022-11-24,246,2022-11-25 15:27:17.315928
DORM,0.116794541168287,2022-11-24,246,2022-11-25 15:27:17.315928
MNRO,0.0740821260448741,2022-11-24,246,2022-11-25 15:27:17.315928
LKQ,0.0637505417710202,2022-11-24,246,2022-11-25 15:27:17.315928
GNTX,0.0618853822413874,2022-11-24,246,2022-11-25 15:27:17.315928
BWA,0.0429210753865745,2022-11-24,246,2022-11-25 15:27:17.315928
SRI,0.0418687449792435,2022-11-24,246,2022-11-25 15:27:17.315928
XPEL,0.0402336381119624,2022-11-24,246,2022-11-25 15:27:17.315928
HYLN,0.0347767601056799,2022-11-24,246,2022-11-25 15:27:17.315928
THRM,0.0344169639490703,2022-11-24,246,2022-11-25 15:27:17.315928
LEA,0.0331100264071002,2022-11-24,246,2022-11-25 15:27:17.315928
MOD,0.0314496896211873,2022-11-24,246,2022-11-25 15:27:17.315928
VC,0.0303774481144794,2022-11-24,246,2022-11-25 15:27:17.315928
APTV,0.0231278294195485,2022-11-24,246,2022-11-25 15:27:17.315928
DAN,0.0230019576854593,2022-11-24,246,2022-11-25 15:27:17.315928
AXL,0.0229925256263718,2022-11-24,246,2022-11-25 15:27:17.315928
GT,0.0214785165520193,2022-11-24,246,2022-11-25 15:27:17.315928
AEVA,0.0178312775022662,2022-11-24,246,2022-11-25 15:27:17.315928
ADNT,0.0159453218733231,2022-11-24,246,2022-11-25 15:27:17.315928
QS,0.0152711328308667,2022-11-24,246,2022-11-25 15:27:17.315928
TM,0.2012036814352774,2022-11-24,42,2022-11-25 15:27:20.817196
HMC,0.1883686630817335,2022-11-24,42,2022-11-25 15:27:20.817196
RACE,0.1469729668279875,2022-11-24,42,2022-11-25 15:27:20.817196
TTM,0.1352226372241054,2022-11-24,42,2022-11-25 15:27:20.817196
THO,0.1166873549277004,2022-11-24,42,2022-11-25 15:27:20.817196
GM,0.1066713351332991,2022-11-24,42,2022-11-25 15:27:20.817196
F,0.1048733613698963,2022-11-24,42,2022-11-25 15:27:20.817196
HON,0.18880783510362,2022-11-24,261,2022-11-25 15:27:24.046141
FTDR,0.1281766327842332,2022-11-24,261,2022-11-25 15:27:24.046141
BMI,0.1266213233960126,2022-11-24,261,2022-11-25 15:27:24.046141
ROK,0.0992730538479687,2022-11-24,261,2022-11-25 15:27:24.046141
ALRM,0.0930226503972786,2022-11-24,261,2022-11-25 15:27:24.046141
SLAB,0.0717263719423992,2022-11-24,261,2022-11-25 15:27:24.046141
ITRI,0.0640367866162066,2022-11-24,261,2022-11-25 15:27:24.046141
TRMB,0.0628568330368296,2022-11-24,261,2022-11-25 15:27:24.046141
ZBRA,0.0613958464113225,2022-11-24,261,2022-11-25 15:27:24.046141
REZI,0.0600014853326471,2022-11-24,261,2022-11-25 15:27:24.046141
IOT,0.0440811811314813,2022-11-24,261,2022-11-25 15:27:24.046141
EL,0.110986107420461,2022-11-24,249,2022-11-25 15:27:29.127060
SYY,0.1048239306295305,2022-11-24,249,2022-11-25 15:27:29.127060
COST,0.1015929038293014,2022-11-24,249,2022-11-25 15:27:29.127060
WBA,0.0993243438882227,2022-11-24,249,2022-11-25 15:27:29.127060
MNST,0.0977937060569419,2022-11-24,249,2022-11-25 15:27:29.127060
ADM,0.0779257469579198,2022-11-24,249,2022-11-25 15:27:29.127060
MDLZ,0.0694233132290554,2022-11-24,249,2022-11-25 15:27:29.127060
KO,0.0513576338008931,2022-11-24,249,2022-11-25 15:27:29.127060
STZ,0.0502859087793974,2022-11-24,249,2022-11-25 15:27:29.127060
PEP,0.0493944803920979,2022-11-24,249,2022-11-25 15:27:29.127060
PG,0.0468834756376535,2022-11-24,249,2022-11-25 15:27:29.127060
PM,0.0316879008466206,2022-11-24,249,2022-11-25 15:27:29.127060
WMT,0.030484855246122,2022-11-24,249,2022-11-25 15:27:29.127060
KR,0.0180356932857824,2022-11-24,249,2022-11-25 15:27:29.127060
GIS,0.01,2022-11-24,249,2022-11-25 15:27:29.127060
KMB,0.01,2022-11-24,249,2022-11-25 15:27:29.127060
KHC,0.01,2022-11-24,249,2022-11-25 15:27:29.127060
CL,0.01,2022-11-24,249,2022-11-25 15:27:29.127060
MO,0.01,2022-11-24,249,2022-11-25 15:27:29.127060
HSY,0.01,2022-11-24,249,2022-11-25 15:27:29.127060
VRTX,0.3,2022-11-24,37,2022-11-25 15:27:31.667620
SRPT,0.197000627288087,2022-11-24,37,2022-11-25 15:27:31.667620
APLS,0.1233921246497592,2022-11-24,37,2022-11-25 15:27:31.667620
CRSP,0.0832597033018768,2022-11-24,37,2022-11-25 15:27:31.667620
ALLO,0.0770404994418121,2022-11-24,37,2022-11-25 15:27:31.667620
NTLA,0.0610869349832562,2022-11-24,37,2022-11-25 15:27:31.667620
EDIT,0.0530756330747616,2022-11-24,37,2022-11-25 15:27:31.667620
VERV,0.0530213631415562,2022-11-24,37,2022-11-25 15:27:31.667620
BEAM,0.0521231141188906,2022-11-24,37,2022-11-25 15:27:31.667620
HTLD,0.1597737475709101,2022-11-24,172,2022-11-25 15:27:34.385028
WERN,0.1376795036822159,2022-11-24,172,2022-11-25 15:27:34.385028
SNDR,0.1327560303705557,2022-11-24,172,2022-11-25 15:27:34.385028
MRTN,0.120904157021966,2022-11-24,172,2022-11-25 15:27:34.385028
KNX,0.1136311702645421,2022-11-24,172,2022-11-25 15:27:34.385028
ODFL,0.0892351481946948,2022-11-24,172,2022-11-25 15:27:34.385028
ARCB,0.0703033459157337,2022-11-24,172,2022-11-25 15:27:34.385028
DSKE,0.0684692733323643,2022-11-24,172,2022-11-25 15:27:34.385028
SAIA,0.0665195378558625,2022-11-24,172,2022-11-25 15:27:34.385028
YELL,0.0407280857911545,2022-11-24,172,2022-11-25 15:27:34.385028
COLM,0.1146163281504802,2022-11-24,73,2022-11-25 15:27:37.572177
OXM,0.1078756145377424,2022-11-24,73,2022-11-25 15:27:37.572177
VFC,0.0944131555679743,2022-11-24,73,2022-11-25 15:27:37.572177
HBI,0.0825241194184297,2022-11-24,73,2022-11-25 15:27:37.572177
KTB,0.0791464306784792,2022-11-24,73,2022-11-25 15:27:37.572177
NKE,0.0748727203282181,2022-11-24,73,2022-11-25 15:27:37.572177
SKX,0.0725274009044134,2022-11-24,73,2022-11-25 15:27:37.572177
LULU,0.0624760560229271,2022-11-24,73,2022-11-25 15:27:37.572177
RL,0.0618281336650975,2022-11-24,73,2022-11-25 15:27:37.572177
GPS,0.0472452396170024,2022-11-24,73,2022-11-25 15:27:37.572177
GIII,0.0410401977586254,2022-11-24,73,2022-11-25 15:27:37.572177
JWN,0.0366502459949794,2022-11-24,73,2022-11-25 15:27:37.572177
CPRI,0.0346928949433199,2022-11-24,73,2022-11-25 15:27:37.572177
UA,0.0342174076831377,2022-11-24,73,2022-11-25 15:27:37.572177
PVH,0.0306274499814304,2022-11-24,73,2022-11-25 15:27:37.572177
FIGS,0.0252466047477421,2022-11-24,73,2022-11-25 15:27:37.572177
RCL,0.2814082689956612,2022-11-24,56,2022-11-25 15:27:39.658092
NCLH,0.242178052380599,2022-11-24,56,2022-11-25 15:27:39.658092
LIND,0.2408292700816977,2022-11-24,56,2022-11-25 15:27:39.658092
CCL,0.235584408542042,2022-11-24,56,2022-11-25 15:27:39.658092
WWE,0.131368304164872,2022-11-24,79,2022-11-25 15:27:42.566161
MSGS,0.1313237015332593,2022-11-24,79,2022-11-25 15:27:42.566161
FWONA,0.101959261398256,2022-11-24,79,2022-11-25 15:27:42.566161
MANU,0.082477214394861,2022-11-24,79,2022-11-25 15:27:42.566161
DIS,0.0632827603245583,2022-11-24,79,2022-11-25 15:27:42.566161
LYV,0.0538010322316962,2022-11-24,79,2022-11-25 15:27:42.566161
WMG,0.0536759516860444,2022-11-24,79,2022-11-25 15:27:42.566161
LGF-A,0.0518858460179952,2022-11-24,79,2022-11-25 15:27:42.566161
IMAX,0.0515141920423655,2022-11-24,79,2022-11-25 15:27:42.566161
CNK,0.0464653543564099,2022-11-24,79,2022-11-25 15:27:42.566161
WBD,0.0453090318087675,2022-11-24,79,2022-11-25 15:27:42.566161
NFLX,0.0404610726831853,2022-11-24,79,2022-11-25 15:27:42.566161
TME,0.0357408334471928,2022-11-24,79,2022-11-25 15:27:42.566161
SPOT,0.0349443839554316,2022-11-24,79,2022-11-25 15:27:42.566161
AMC,0.0256895429568444,2022-11-24,79,2022-11-25 15:27:42.566161
ROKU,0.0255277387636066,2022-11-24,79,2022-11-25 15:27:42.566161
IQ,0.0245737782346532,2022-11-24,79,2022-11-25 15:27:42.566161
RY,0.055872198600528,2022-11-24,205,2022-11-25 15:27:46.744653
BNS,0.0550567318858738,2022-11-24,205,2022-11-25 15:27:46.744653
TD,0.0544441874765556,2022-11-24,205,2022-11-25 15:27:46.744653
HDB,0.0538800721021101,2022-11-24,205,2022-11-25 15:27:46.744653
CM,0.0527613522339622,2022-11-24,205,2022-11-25 15:27:46.744653
USB,0.0522913659026981,2022-11-24,205,2022-11-25 15:27:46.744653
GS,0.0506667766421728,2022-11-24,205,2022-11-25 15:27:46.744653
BSBR,0.0496759517049697,2022-11-24,205,2022-11-25 15:27:46.744653
JPM,0.0488349501222181,2022-11-24,205,2022-11-25 15:27:46.744653
MS,0.048521647553522,2022-11-24,205,2022-11-25 15:27:46.744653
HSBC,0.0482501525067772,2022-11-24,205,2022-11-25 15:27:46.744653
C,0.0470142619266081,2022-11-24,205,2022-11-25 15:27:46.744653
BAC,0.0459653022063814,2022-11-24,205,2022-11-25 15:27:46.744653
WFC,0.045407935308869,2022-11-24,205,2022-11-25 15:27:46.744653
COF,0.0408275471086233,2022-11-24,205,2022-11-25 15:27:46.744653
EWBC,0.04024624084599,2022-11-24,205,2022-11-25 15:27:46.744653
LYG,0.0371979206572071,2022-11-24,205,2022-11-25 15:27:46.744653
BCS,0.0366176280088065,2022-11-24,205,2022-11-25 15:27:46.744653
NU,0.0354590050927326,2022-11-24,205,2022-11-25 15:27:46.744653
ING,0.0347616482580214,2022-11-24,205,2022-11-25 15:27:46.744653
CS,0.0336771350057243,2022-11-24,205,2022-11-25 15:27:46.744653
DB,0.0325699888496476,2022-11-24,205,2022-11-25 15:27:46.744653
SRCL,0.1839175171388084,2022-11-24,191,2022-11-25 15:27:49.189570
RSG,0.1837062834309955,2022-11-24,191,2022-11-25 15:27:49.189570
CLH,0.1787726954110106,2022-11-24,191,2022-11-25 15:27:49.189570
CWST,0.176870552011083,2022-11-24,191,2022-11-25 15:27:49.189570
WM,0.173030775470991,2022-11-24,191,2022-11-25 15:27:49.189570
HSC,0.1037021765371113,2022-11-24,191,2022-11-25 15:27:49.189570
TU,0.1959257791101828,2022-11-24,170,2022-11-25 15:27:51.628072
BCE,0.1769925792490564,2022-11-24,170,2022-11-25 15:27:51.628072
KT,0.176205417907971,2022-11-24,170,2022-11-25 15:27:51.628072
TEF,0.1604258152879724,2022-11-24,170,2022-11-25 15:27:51.628072
T,0.1467968032235445,2022-11-24,170,2022-11-25 15:27:51.628072
VZ,0.0781742881701448,2022-11-24,170,2022-11-25 15:27:51.628072
ORAN,0.0654793170511279,2022-11-24,170,2022-11-25 15:27:51.628072
LEN-B,0.0957696483156234,2022-11-24,208,2022-11-25 15:27:54.683539
MDC,0.0830194157779924,2022-11-24,208,2022-11-25 15:27:54.683539
TPH,0.0735203652669047,2022-11-24,208,2022-11-25 15:27:54.683539
DHI,0.0728486551091011,2022-11-24,208,2022-11-25 15:27:54.683539
LEN,0.0723658751614726,2022-11-24,208,2022-11-25 15:27:54.683539
TOL,0.0720278675465725,2022-11-24,208,2022-11-25 15:27:54.683539
PHM,0.0695228626870662,2022-11-24,208,2022-11-25 15:27:54.683539
MTH,0.068864859867462,2022-11-24,208,2022-11-25 15:27:54.683539
KBH,0.065415557788367,2022-11-24,208,2022-11-25 15:27:54.683539
MHO,0.0598246947646499,2022-11-24,208,2022-11-25 15:27:54.683539
TMHC,0.0517706794755346,2022-11-24,208,2022-11-25 15:27:54.683539
LGIH,0.0491351080554095,2022-11-24,208,2022-11-25 15:27:54.683539
GRBK,0.047025323898473,2022-11-24,208,2022-11-25 15:27:54.683539
CCS,0.0468991260733091,2022-11-24,208,2022-11-25 15:27:54.683539
SKY,0.0364608409472791,2022-11-24,208,2022-11-25 15:27:54.683539
BZH,0.0355291192647823,2022-11-24,208,2022-11-25 15:27:54.683539
PCG,0.1131112709040161,2022-11-24,77,2022-11-25 15:28:00.328589
NEE,0.0884959069337377,2022-11-24,77,2022-11-25 15:28:00.328589
VST,0.0829601192644018,2022-11-24,77,2022-11-25 15:28:00.328589
NRG,0.0815507397405868,2022-11-24,77,2022-11-25 15:28:00.328589
PPL,0.0700013299451017,2022-11-24,77,2022-11-25 15:28:00.328589
EIX,0.0672774530920759,2022-11-24,77,2022-11-25 15:28:00.328589
CNP,0.0536133718519509,2022-11-24,77,2022-11-25 15:28:00.328589
OGE,0.040521192297089,2022-11-24,77,2022-11-25 15:28:00.328589
AEP,0.0385988099282353,2022-11-24,77,2022-11-25 15:28:00.328589
XEL,0.031390207414573,2022-11-24,77,2022-11-25 15:28:00.328589
ETR,0.0303157923811515,2022-11-24,77,2022-11-25 15:28:00.328589
LNT,0.0293380011885883,2022-11-24,77,2022-11-25 15:28:00.328589
ES,0.0262039796864986,2022-11-24,77,2022-11-25 15:28:00.328589
EVRG,0.0261102757411723,2022-11-24,77,2022-11-25 15:28:00.328589
FE,0.025568322901363,2022-11-24,77,2022-11-25 15:28:00.328589
AEE,0.0254595715637405,2022-11-24,77,2022-11-25 15:28:00.328589
PNW,0.0228530035357442,2022-11-24,77,2022-11-25 15:28:00.328589
DTE,0.0224714589502734,2022-11-24,77,2022-11-25 15:28:00.328589
POR,0.0190638784194038,2022-11-24,77,2022-11-25 15:28:00.328589
IDA,0.0183210415039742,2022-11-24,77,2022-11-25 15:28:00.328589
AGR,0.0142797710686146,2022-11-24,77,2022-11-25 15:28:00.328589
SO,0.010946163662794,2022-11-24,77,2022-11-25 15:28:00.328589
CMS,0.010856824889191,2022-11-24,77,2022-11-25 15:28:00.328589
WEC,0.0106915131357214,2022-11-24,77,2022-11-25 15:28:00.328589
PNM,0.01,2022-11-24,77,2022-11-25 15:28:00.328589
ED,0.01,2022-11-24,77,2022-11-25 15:28:00.328589
DUK,0.01,2022-11-24,77,2022-11-25 15:28:00.328589
D,0.01,2022-11-24,77,2022-11-25 15:28:00.328589
HNI,0.216563244052275,2022-11-24,95,2022-11-25 15:28:03.281867
LEG,0.1997501339878351,2022-11-24,95,2022-11-25 15:28:03.281867
LZB,0.1520982429101631,2022-11-24,95,2022-11-25 15:28:03.281867
AMWD,0.1329026554768701,2022-11-24,95,2022-11-25 15:28:03.281867
WSM,0.0818613062665193,2022-11-24,95,2022-11-25 15:28:03.281867
SNBR,0.0746798204316736,2022-11-24,95,2022-11-25 15:28:03.281867
RH,0.0672468119578896,2022-11-24,95,2022-11-25 15:28:03.281867
BBBY,0.0469135094671381,2022-11-24,95,2022-11-25 15:28:03.281867
W,0.0279842754496357,2022-11-24,95,2022-11-25 15:28:03.281867
PGR,0.1112071139381673,2022-11-24,118,2022-11-25 15:28:06.015649
TRV,0.1071630883759067,2022-11-24,118,2022-11-25 15:28:06.015649
ALL,0.101907601225096,2022-11-24,118,2022-11-25 15:28:06.015649
MET,0.1018545376144469,2022-11-24,118,2022-11-25 15:28:06.015649
GNW,0.0986818098836503,2022-11-24,118,2022-11-25 15:28:06.015649
RGA,0.0978718144181999,2022-11-24,118,2022-11-25 15:28:06.015649
PRU,0.0954599526943388,2022-11-24,118,2022-11-25 15:28:06.015649
AIG,0.0885076793269329,2022-11-24,118,2022-11-25 15:28:06.015649
BHF,0.0698470405227509,2022-11-24,118,2022-11-25 15:28:06.015649
LNC,0.0653232489280594,2022-11-24,118,2022-11-25 15:28:06.015649
LMND,0.0621761130724503,2022-11-24,118,2022-11-25 15:28:06.015649
COST,0.06959876953771162,2022-11-24,275,2022-11-25 15:25:50.158376
SYY,0.06569459969255963,2022-11-24,275,2022-11-25 15:25:50.158376
PLD,0.057331022691310005,2022-11-24,275,2022-11-25 15:25:50.158376
EQIX,0.057069734648924786,2022-11-24,275,2022-11-25 15:25:50.158376
WFC,0.055585674935506424,2022-11-24,275,2022-11-25 15:25:50.158376
WBA,0.054929298055136945,2022-11-24,275,2022-11-25 15:25:50.158376
NEE,0.05423180424034637,2022-11-24,275,2022-11-25 15:25:50.158376
BAC,0.05397929086006831,2022-11-24,275,2022-11-25 15:25:50.158376
JPM,0.048512007778774784,2022-11-24,275,2022-11-25 15:25:50.158376
COP,0.047406432202654024,2022-11-24,275,2022-11-25 15:25:50.158376
HDB,0.04612274475093007,2022-11-24,275,2022-11-25 15:25:50.158376
AON,0.045371880271237196,2022-11-24,275,2022-11-25 15:25:50.158376
AMT,0.04516345024754449,2022-11-24,275,2022-11-25 15:25:50.158376
MMC,0.04473190958967649,2022-11-24,275,2022-11-25 15:25:50.158376
MET,0.04114222569773914,2022-11-24,275,2022-11-25 15:25:50.158376
CCI,0.039352145977459146,2022-11-24,275,2022-11-25 15:25:50.158376
PSA,0.035053902456872905,2022-11-24,275,2022-11-25 15:25:50.158376
CVX,0.034124389201538145,2022-11-24,275,2022-11-25 15:25:50.158376
SHEL,0.03250269380461106,2022-11-24,275,2022-11-25 15:25:50.158376
SRE,0.027387644363954123,2022-11-24,275,2022-11-25 15:25:50.158376
XOM,0.02497856266884426,2022-11-24,275,2022-11-25 15:25:50.158376
RY,0.01972981632660012,2022-11-24,275,2022-11-25 15:25:50.158376
